cookie_id,score
ck_315fb710a0e371e7,0.0016752634636490588
ck_a76ee3b3e3e522fd,0.10859554940971373
ck_94c9a4d382689e82,0.06998155607680859
ck_8eaf9509ad9462a0,0.00198811581658942
ck_9a88a5a989cb5bc6,0.010866602429326912
ck_15239ef0689c1a35,0.024269817761170844
ck_8de69cd219d3b87f,0.38403818626336617
ck_f92cd37022b0ce21,0.012357100104264754
ck_1a3ff7620580a514,0.004511312976364937
ck_397c03aa33a57310,0.23357822516346055
ck_a7cf6c3b322f6b7a,0.010590620512347557
ck_c39a9e75760e3201,0.005627846855001546
ck_88ab6d245228c38e,0.001132901231998594
ck_17733f75ebdea93e,0.00538665177815879
ck_58eb871e8d7bed52,0.021324021676198353
ck_e55b7fa67db1ec27,0.0019000320384359821
ck_62f5cfe22c952694,0.0045835724264239415
ck_7fbb709a0fe95759,0.006504725880118143
ck_87abe9cd066a20fb,0.018212149051427533
ck_d58e058b5c553dd5,0.012705767044502131
ck_d27b872648b71202,0.005080758884862346
ck_4b4a3c5b95c55b43,0.0029045691444556164
ck_66dd4f4b4127256d,0.0021435935872116145
ck_93cc12703b500613,0.08875901626429633
ck_d28806a2179092eb,0.9864115436534459
ck_0595c2a0c7881e05,0.018894492935942198
ck_50087d8666191144,0.44417743471018367
ck_b08b3f089138c901,0.011376969139747914
ck_fe3b67041dad2dd1,0.002492929894678127
ck_8449a28f7d475d93,0.026607075286179997
ck_8642e3b6d84f49d3,0.018003426349010365
ck_e49b5e4f2f2e79db,0.7004890526258398
ck_437afe412ea4259c,0.09992910081131069
ck_569b83668d74042d,0.7811339890347524
ck_233a487d31c3e631,0.9840338508932697
ck_1fca72e03143a645,0.939019894307775
ck_79205e31223df2ad,0.09174301002559228
ck_9625a64406ea16e3,0.004485924631895408
ck_079bd18dacb704a8,0.09281940790404387
ck_4db6d4fd2b49aa81,0.014435273330420547
ck_0dbefdac0a1868fb,0.0016472874231402462
ck_24ff97ad90bdd69a,0.022948446110695065
ck_77f8c5042065d506,0.006856772733163173
ck_f11be8ce05382cec,0.0034380001320000594
ck_c9d72140b0389216,0.02507710709927162
ck_69eda24e931fb36a,0.005003222566249005
ck_ed471e496916ee15,0.002435624621899729
ck_ff090498c4b17ac3,0.004688591214777462
ck_c3c19d6a0720915c,0.0016557227386522345
ck_af02e1817cfa40b5,0.01942060257204895
ck_2df5a9fc87553eb1,0.010120611703589159
ck_4ac918e884cff336,0.03502033021875017
ck_ca149244b54ef3ad,0.001301468823038939
ck_6babe5b8674ff51f,0.011048722151449773
ck_1573878386886290,0.006154884938631649
ck_3925f8565abb7fe4,0.0028869161928533646
ck_c4de808ae69c771f,0.0012317709686168665
ck_a777c813551281fe,0.0027205739267827664
ck_df4424f6dd85080d,0.07415790151732762
ck_85e5494ec20383ae,0.05733314856851887
ck_f71a4094e889c3af,0.0038537860085222095
ck_f2f3cf9cd23b2809,0.01177166325030344
ck_18e2076397bcc211,0.06420286081104075
ck_c9f9fddef39bc664,0.02941212671427208
ck_7e826e233d6ea028,0.0035197236236208774
ck_62fd7eb46bee9210,0.020734029571042773
ck_206f8e3cd72768f3,0.048777960417290274
ck_aa295a11b0a6ab36,0.02188948824295768
ck_9a56739d81f84a53,0.002516999711270465
ck_aa075c418ed9fe5a,0.006615347341880548
ck_62b9fb3db284941b,0.007623398852083889
ck_f4f83b1403ebea46,0.04464677476253744
ck_16b66bd803288bc3,0.29356683331016775
ck_c4ca1434f3778f1d,0.9827869725260296
ck_1b823610371a29c0,0.0028930718869693076
ck_c2bd5a722aa637d9,0.00606937345461414
ck_7890208951df34f0,0.01609103649768375
ck_020eb0e454524ecd,0.003312956172829849
ck_3b66196ccf436c35,0.007833827283212766
ck_109fc467ec0a4af5,0.09592429831730448
ck_f3dcd818db92de7b,0.015773990961461763
ck_31e7742f160980ef,0.009223575172835955
ck_77fce5f86f00b8f4,0.28554927182789014
ck_46bc797b4d07d607,0.003981362177659669
ck_37899b1b571b1c6b,0.016715981784833914
ck_ef8a6af43fedd464,0.0023411877102388037
ck_bcc8519fe8521038,0.02338038640785215
ck_90696b7182dd9129,0.010486828781663605
ck_4a24ad61d017e1ba,0.02677820074808117
ck_0acc3d8c67218b9d,0.005489743289914795
ck_05c97fc9de11aba6,0.11718791738930691
ck_f8ac3a0500c0ec62,0.012676035405324618
ck_617b65141f546a1c,0.006480578326022861
ck_9d00823bf60388d7,0.016108790352149
ck_123c15d93f1840f2,0.042307155315607206
ck_573feefba6bf78bb,0.04134190086793349
ck_b25657bd16739036,0.011246890398025216
ck_bd26d2bef14a8597,0.009583153031163163
ck_a553418f2fba1440,0.011535357058214585
ck_89f3e380b0686963,0.016336858582829062
ck_b359192aa659bdce,0.043558822121089136
ck_02241f3dc301bebf,0.012505111577535036
ck_5ccc1a1c78cb33ee,0.023236630107937466
ck_349cc5edda1b8853,0.04708424432864426
ck_e9f228845bf6e28b,0.05981704113305833
ck_0a45d033d4e280ea,0.008962781024070554
ck_7e63168dda612235,0.003729291740241163
ck_676fa5f6aae5475b,0.0021104057781569504
ck_74b502b20690ccfe,0.029984644944222618
ck_073509af21dd7f5f,0.568946934433324
ck_498a0acd450944d8,0.001200267692445266
ck_7f15b50b29dead01,0.011077153325954275
ck_8089fe7403c5f537,0.009616652703710399
ck_05b2b04e11d9ae9c,0.042814452051719284
ck_31e70f2f04b48b88,0.002029568136931563
ck_994316fa5a02b319,0.004889625765813577
ck_b76510998b9a2260,0.008914404865215357
ck_4db95c310e105d30,0.0021325254076488007
ck_6f730b77dc6cdb84,0.0024317454020471333
ck_2493ee8e7b91d304,0.016917335411525326
ck_92d679d6ac7dcdcb,0.16615098893459337
ck_3a0e0200cbb185cb,0.018365505729715733
ck_0b2eeb4e00ff7955,0.02151941485907172
ck_9843d0e61c37ebe8,0.9918605606526194
ck_e61c8721e3ef1921,0.008767687174370075
ck_2e0eedaaf2980c2c,0.011279488276915101
ck_9036b2e5e9298a34,0.001906600084550793
ck_3265442528d51728,0.014274761784483045
ck_f2ddae2eb1cb29b4,0.005776444643206298
ck_6cfa71d27fc27f92,0.019413288975998422
ck_f3199fbe84a28b9a,0.06858197426304989
ck_b78d785ca3ef773a,0.017460038366502034
ck_374865697f1480eb,0.07214202286296584
ck_06d0e4a9189302a9,0.007678809588503103
ck_9c9884b9bcaa552e,0.16944905901350557
ck_fd4cf578e87703ff,0.0415769457854965
ck_1917ef3e6e345549,0.11394891477112402
ck_e70418b00cbbbac9,0.08018214887918096
ck_a60388296a47062c,0.0606604524288784
ck_d598fe8d2c779ab9,0.005491990908432151
ck_646dc03de4c31803,0.739899921804811
ck_e4fd8cbd842b6993,0.0013077212078072562
ck_2225b555aa2a42ed,0.03858531932662453
ck_6be8ae9d78148882,0.01005932474323077
ck_4199342d3aca74e8,0.05237076163754651
ck_779581adb573261f,0.004154099157564429
ck_bb303568b6915205,0.17289850448538632
ck_17c4296276448afe,0.008489309759485898
ck_a60a61ac829252a0,0.003943391166361758
ck_6ea70950c1cae00b,0.9858694988603536
ck_1abb93f6924645e1,0.01183517050733729
ck_faab769cce19879a,0.044902226715014065
ck_d5b8e74e7ca6355a,0.019096198691633447
ck_f11f7691af16ad07,0.0017776185250675718
ck_188fdf2be7c92e9d,0.9902931780101123
ck_4a103f8254b366f7,0.005801750646663075
ck_bfa17a0b1760e616,0.0023871702766917373
ck_a4d7f6a5869d440a,0.8947281040847737
ck_58e20f5a3e7f11b8,0.8839877741997259
ck_4becdd3d2696c7ba,0.012223536729539427
ck_dad5cf32ab9f243f,0.006230300714342812
ck_7d9f73dc7c4f90c3,0.18835271886670094
ck_c19371047a2d011d,0.002647076101978513
ck_247589ff532f7aa8,0.005362158866376971
ck_7a9f241d5f082567,0.001982166499302636
ck_0a2b7078736b4dda,0.005161666863892856
ck_687b412e2aac7eb6,0.027698070072248546
ck_fce0b6855886a0b8,0.012606062865893969
ck_e291cc60920456d0,0.26550389387535117
ck_04219a7ea798db51,0.0214761796067775
ck_286bfd719836e9f3,0.09793865404013602
ck_55efc92394fee232,0.021256336728708622
ck_e36c8da1bd359960,0.02154492030073097
ck_34b0988a97d96902,0.0027600122404601193
ck_e0fb11fc9dcb34e6,0.008883899453262331
ck_bcc9cbc9ed8b7c31,0.01404577717045503
ck_3df8da6f60a89a5b,0.011472756755122973
ck_b1495ee5c59a6b28,0.005846148334075865
ck_58f4c3ac61fda129,0.1036089203096674
ck_735f244b99e3aa8d,0.005258213583292648
ck_6b93bd8abf87b1d6,0.9063178460862705
ck_12107dacc6d05bd1,0.001636278850908324
ck_f96db2a1f3448d1f,0.026411223418014197
ck_8fd91a3c99e19097,0.019310140114719283
ck_910205d25388a0ae,0.0020337547312807725
ck_d229dfa0e4442628,0.001256487917473958
ck_7cdec61e1c488798,0.18622243503376423
ck_f66f06e24ff32671,0.10806540250692068
ck_350bf14e90b503f5,0.006954540061828166
ck_61fff5fdaadd394b,0.004779173793195523
ck_e934f984bad2ff91,0.5540749889552813
ck_ff6a6d3547dd2d37,0.0293273278438494
ck_65ad9b15979e3247,0.01420960395168112
ck_bbe1a2ea5a403ad8,0.3929126710186393
ck_6f3a28eecd2c4031,0.01920844646164908
ck_a89b66665714058f,0.009240560270904282
ck_918c92182b6817cd,0.008526689191060838
ck_64f5eb4be9e7b8fa,0.17216688471805736
ck_d021fd497ea35fb2,0.006850256060524612
ck_004de16f7d8a42ae,0.013366838789818088
ck_a33d2325f86ab12d,0.003640900723526636
ck_89790ff26c844bc6,0.016006321758963417
ck_e6e7257377c37b28,0.023752619972180262
ck_a2cc3910a641a808,0.8674965591992959
ck_646e270e0195bf05,0.007463392340898687
ck_baba5d66def0d770,0.09338462083338699
ck_67cdcdda3033842d,0.030868788844280938
ck_b5c3075c811a2216,0.010347650533633661
ck_515379973a8044b8,0.004682687146782188
ck_c0ce85fb4109567d,0.03964144595429096
ck_fef850553862aaca,0.001815260863990452
ck_55d7217b0aff9fa2,0.009857959953219142
ck_8e139f8925ef7968,0.015984919382986483
ck_9e35b908fca1e4d7,0.002154062621573631
ck_59735f4ab2ad3da5,0.013648675394198326
ck_dc569c1167ccec0d,0.5783325839960418
ck_1dade5592f90a15c,0.015034240795837834
ck_793048d11fb8b328,0.19776368632288494
ck_545b71eb4fa594b5,0.008592898946712297
ck_bd30853e9a57b544,0.03158386046737266
ck_59f46321ecf6d306,0.007766101610345996
ck_260cfe9141d249f1,0.10768269294321496
ck_3365a0ad1a8aa83c,0.0036032503310148337
ck_b0ef193195a2138b,0.012844511189363911
ck_0f909705e2e60f2f,0.0028316597138351033
ck_5a540b75c866166a,0.01769189778960419
ck_87c26b2f41025109,0.9794146508433764
ck_27acc9f320cda104,0.1487281517138989
ck_a27bc31eecd9cb9a,0.012408074829942477
ck_115d86fabde77b65,0.003053769511701383
ck_eeca179341d56f8a,0.6001333747435277
ck_8e5999c436cf037e,0.0017304054649073617
ck_510e7c5df1f95d90,0.9905511051106327
ck_f1acf73363925958,0.013430721018041051
ck_3c177f5970b68bd3,0.019706922687899836
ck_9cdfaa1c30cc9d32,0.0016368407426870261
ck_c8efa1538b37c359,0.012643902301726835
ck_a8a2e296f9804bd7,0.034580034188564444
ck_91a0ca45f429568d,0.01209812369979707
ck_5fdf8a0bdbd3ed62,0.012323206392310389
ck_0f4e2ec66d50da5f,0.0038664718870169233
ck_28c53b214b2ee882,0.39431103675382445
ck_003148504557f720,0.15019959746355427
ck_01d840cffb870615,0.3482402332548315
ck_555848d51f4b5f35,0.024992208852024855
ck_df20cc23b8fb8e22,0.007159925091712418
ck_f9604adde929beff,0.0040999621111768485
ck_d66952b03591bdec,0.007133090635305528
ck_ddcac1ab765ff61a,0.01743137582004503
ck_347386629d96c664,0.007375476683021643
ck_ab01db9117acfe3d,0.007152688805017958
ck_58e5359efc52e0ad,0.0040311491585712554
ck_1a524b5cc8da71b3,0.022392902199789802
ck_e9287b6d909d731f,0.01110370472203028
ck_bb41a66e3d90263b,0.1029330549149676
ck_e95c8cc1864bd584,0.001876915984129183
ck_7a3f2961e9a8b6dc,0.0050757066783635695
ck_378a9df82b1e0bee,0.18211929550588357
ck_42633573639a3f02,0.9519227923518594
ck_2a5a4c18c2c7274b,0.014705053539706189
ck_77549c1a41f837c3,0.008395514801996865
ck_a26704b5b26258b7,0.012042510720768838
ck_9874ad160efddf50,0.004855896053497747
ck_9111e3a04b14dfba,0.011600617619287455
ck_651e076ee43aea85,0.003305845045468563
ck_391639c0f13932f3,0.0023122961795661607
ck_02dbabda93c8c13d,0.033880918018017986
ck_0adcb1fffcb0a34b,0.01925758303111561
ck_7a43ef9c7b1c67b5,0.009647468492750607
ck_4b9dd69946438d0b,0.023728593258212218
ck_90bf017cdd37b66e,0.029308117700393797
ck_61c74163eb36556e,0.021687848315881903
ck_13376c59b5bd6943,0.003418139945434338
ck_62337eccb1672737,0.005376370528835557
ck_16077934338472bf,0.0017578814016892858
ck_0d4dfd93086e7330,0.009660718891502142
ck_3865b7525b910893,0.010027905400550064
ck_7e2ae8b69ebd5675,0.00929846278727339
ck_b4384b6c11766ce7,0.0069020221539870625
ck_3d7fa32dfb9fc692,0.03998466703164517
ck_f4a6a7cadd6e0603,0.13107687858456576
ck_212525e2828a6c45,0.005409367298980533
ck_33ad8d53394ba77a,0.6383223436306522
ck_a5051eafe8b51224,0.012905589815063265
ck_f65e5ff7da565f91,0.006831838991462013
ck_5c37f7563fa7591d,0.012498721606882816
ck_f1e0a006068aff29,0.024850352645006124
ck_c646cdead6fb79d0,0.006339539329051551
ck_f8b3cdffef535330,0.020133493451424414
ck_e5cdbe3aa12c97f6,0.006219455584233088
ck_986e4e61440506d0,0.0681431390465059
ck_6da9c5912e15d9a8,0.006259356127840301
ck_51d842e6dae74c71,0.006893020843290326
ck_5fc65c24e0736d5d,0.8662709955481405
ck_babb95a76c69509d,0.011692672953181778
ck_86a2d852a9715432,0.02039531495421714
ck_db4083a0d043def8,0.03587576472597554
ck_96953b8945b7d403,0.007257874400847318
ck_7831ca5c31fb3859,0.11870170322673171
ck_60ac5e5f375daa38,0.003981206926759653
ck_05d44eb1f5f085ce,0.013790727710697004
ck_432cc19c7eeaa46e,0.010252791828461488
ck_7fc513033af061af,0.017109754831902683
ck_ada6ede84c111719,0.007813895864565127
ck_6343e0d3b1c2962b,0.012089004361439601
ck_010264ae04f2e902,0.05869026462734046
ck_e9dcf535f8c289eb,0.0543820239585458
ck_37143d9cc296e6fa,0.019808725176233256
ck_61fa051192f3e810,0.011001091968740627
ck_f9f93d1d41be1468,0.7490724496291925
ck_c4f4f28457be8a74,0.001762878208308066
ck_323a71f9452d21cb,0.36627785835135573
ck_170f4688e0acd875,0.08646323002542908
ck_869b1878d09d230d,0.5285880705068298
ck_2f6b33bf46976229,0.001647224334612896
ck_b11e22e75d9b99de,0.0039033809992093777
ck_123d75ffb75b606d,0.011082289330401316
ck_94295287a04c85d2,0.3356782878330293
ck_1b0434f096795328,0.0014178508782204864
ck_0a4e191cd0a57ce1,0.013224262192125082
ck_d2fbd0df99634676,0.008993206156259216
ck_d51df5e9fbbbcc94,0.03356950338550585
ck_2d3d7d64a6f443f8,0.013326326145430374
ck_731943c682c9394e,0.009378764888925603
ck_5ccc0c94e5e1f849,0.01458384244397672
ck_c3476080516db25d,0.015159399382108571
ck_5010ffb1c94187b5,0.003077459139271556
ck_7ef666d67bc70223,0.01313377373850601
ck_c1b493527224a27a,0.002724950944575121
ck_5d1e25d7acc5af9a,0.014620638744559312
ck_ec30b61cbf517db8,0.0021132571427714473
ck_79323eb5d2e5efae,0.0030874463424192243
ck_4085cd3bf2661518,0.021013643648893077
ck_2ca91214c357c072,0.15706527497352663
ck_7f3132d6be389657,0.1347814110008939
ck_e7a6b925c8f39a85,0.007820797496707773
ck_c886adec7bac250a,0.01826385443905477
ck_c3f360c2d0ea0a37,0.010857340625233842
ck_a7acd5b015823793,0.009095640901731908
ck_9d64187c0800f84e,0.014547103895570936
ck_5d4ed73b9efd7d11,0.00451167593759382
ck_874eca6776b34dec,0.002197614242526168
ck_96a9221a87be93c3,0.01934512565835976
ck_68dd79a51eabf5e6,0.013172317919671859
ck_8311cb6755b2016c,0.0077231940541933825
ck_16fc77b2bcf5ec03,0.9014899137255812
ck_ad9e2088a33c8c72,0.001229630038186247
ck_7176bbc97b1e42a1,0.0022137897101140343
ck_80dfa54b30f65fff,0.7122417830762116
ck_31c54d540b128843,0.0030066977637145833
ck_43ea894480567274,0.009722082565564446
ck_9c9e8a38bd5a6c88,0.01323487148290917
ck_1c2dcae19539e148,0.2286769626794164
ck_b0fa8b84e94d8ae0,0.02992496447437483
ck_4ceb43ccd0a81c2f,0.006407970434470351
ck_ba845332b730b596,0.002943892790454146
ck_73d3e8c6077f61e6,0.08692883039525402
ck_b5d0d223ef56473f,0.013796254658320701
ck_949f08f8e80e93ea,0.0037526476672233074
ck_73de0b49709e5f8c,0.00420418471195661
ck_b5935e9722a39819,0.023615900238124925
ck_96247fee0eb44420,0.003185366855530559
ck_a6def1e4b2d57e0d,0.07664196289839717
ck_aecdc5a96321a2d8,0.023361940985558237
ck_bc61c59970f8de49,0.019510256511696328
ck_c43b4175fc9ac5bd,0.7164384137005673
ck_8ff7a9b23a55fd62,0.006456685377988481
ck_20c99b645f462449,0.005241672850132173
ck_a5ce2ae36fb410d9,0.0018207248185524146
ck_96fb9bf556842bbc,0.020601312143608365
ck_b5e4c6dbbed1b773,0.029243581534173828
ck_2085433978e72ea9,0.09342282778687451
ck_2c6b174b063ec637,0.01287405391861636
ck_b20b81b88dabe28d,0.0029807613798016187
ck_243c18dbf150831c,0.0034702820058361266
ck_2bb6a17e8eee35cc,0.06290259255029762
ck_66147fb994495396,0.1544621098860974
ck_73f124f075ede0fc,0.00713158265417177
ck_2e315f1b1e533dab,0.002541274723256455
ck_16c7bf94ed3e7a6f,0.0014897652116089121
ck_4a0eae220a762ac5,0.011785223464724336
ck_dc16f939c2f44ad8,0.05219921303901941
ck_817926b449754917,0.00881248483358164
ck_0c0dde42ab64ef87,0.010424415716745631
ck_cb3a40594da6a2ee,0.03336987783474253
ck_d0dc156441fcfdcb,0.031222346013782733
ck_66f0945add423e9e,0.0056645007070121964
ck_a74f6a3030f5d495,0.05617761345593441
ck_1ae460f331e49ae2,0.03948541034017985
ck_2d177b2f4f0b40c9,0.403445754166731
ck_92e474e4368c4791,0.006131841854698362
ck_3dee83fa2d109484,0.004851041463031253
ck_80e5ea27848069fe,0.006946753733824862
ck_ed0c4a83701ca230,0.006436408085897049
ck_0b8b7c5c581fd161,0.0013146785146373493
ck_60bf8a2870956fb1,0.01677135174736256
ck_73a54b56a2bf35fe,0.8896019908519532
ck_2296d7a563424883,0.005840333324888323
ck_bc19c383560c7477,0.01708488424562035
ck_861d8e3d88f1079e,0.04728786333415217
ck_3f090fc96c24eb28,0.002237573850346785
ck_9a6a1f8102febfca,0.06908377826979306
ck_541b6ad5d2fa5a39,0.0212739436046716
ck_a760d38d1bc4de97,0.00770447451480772
ck_7dca4d7ee10b4eeb,0.0032505710669447634
ck_15220e78d1545e40,0.010201163010107307
ck_ca24bb0de508efb0,0.005827229073119586
ck_56b389627d8f02c5,0.9838981624172086
ck_48a6754977a44db0,0.0026805976788901982
ck_333a43ec339a04cb,0.05143666559413751
ck_f22aacaf86a65d7e,0.06994018382142252
ck_04bd8a1ffaf3ffd8,0.001318056351949496
ck_2737a72de6b700f3,0.10974259336629974
ck_c35e03b0dd0c3454,0.007840715603335168
ck_e0571312f395cd94,0.015113445940626533
ck_09fab6b9825001b2,0.0033641180235565353
ck_18c3a095606209e8,0.007911232090879176
ck_2a97db9377d01e36,0.005821217636725147
ck_f29dbbfdd2786bd1,0.016598929829140158
ck_35d6c510ad29362e,0.17954939976320242
ck_5468fa99c945d785,0.02928928806484543
ck_6f8102f62c876cc9,0.01923762178647804
ck_91955aab3424ad16,0.004424724364106403
ck_9a43c0c73a39d759,0.022362160585525287
ck_60b023af6d1e30bf,0.7819027013368525
ck_9704c5cf8659cedc,0.02244845594854799
ck_7e5f02b51b9f78bf,0.06457027715485202
ck_7d3a88d1aa649708,0.7177187899073605
ck_8250eddc1ecb07a0,0.11331541067659204
ck_d979ef95ee44023d,0.01569401335277018
ck_5e5461dac83531ac,0.018731526150515602
ck_d1bb8890081e0a31,0.03604077160104665
ck_32246c62640648d9,0.0014924762907753402
ck_77a40c7d2f862a32,0.014501420016571172
ck_1c8b94efe9238f5b,0.0028011760652873158
ck_eaf3b6d11bc3cb11,0.009041256579605458
ck_a4a7ef3ad799c380,0.008745448164570829
ck_d5bd8f68da073cd8,0.003682058705359067
ck_6e6258227fc8db7f,0.001850737950035874
ck_c35d444e05799db6,0.012831890551884318
ck_74665e1209140ae8,0.008106174992377023
ck_353a272478f7e903,0.004092234127890305
ck_a2c9796ea229a4e2,0.010550020013851896
ck_e0171f91cb3411fe,0.012949379903368375
ck_703499f5410280f7,0.007042486126050185
ck_ae3a763997f8f385,0.02325755689903099
ck_f7ff94c3df5ac874,0.022255647709476273
ck_f3c16d8f747db046,0.024397192662892888
ck_7ef019ed77276496,0.003137657864517988
ck_d6a4faadab58a3de,0.018082064841282348
ck_ba7b78d31d74c794,0.020967085549205067
ck_36287d063350ce9d,0.006071724493660278
ck_5177fc7137ff26ce,0.0033365250724452433
ck_dfd4e79aaa967b63,0.008740458419032229
ck_fb44d15fb93a7157,0.01029571180377387
ck_fca478361870a4ca,0.01179852045725759
ck_e57b94fe57341058,0.010875942004808216
ck_5448c946cc4758fe,0.005266431638474026
ck_c5ece5ffb8800ad4,0.02409962712055605
ck_11cb98211b2ed134,0.9195337488754494
ck_f655399ac75c4450,0.0074552889761279485
ck_c817259019588d30,0.013730833582394625
ck_8740a14d8096c6e1,0.02766443797500153
ck_0c5ba86f4e05b38d,0.010416054626303118
ck_ccc917533d4b73d4,0.019693726582740375
ck_9eb80edfa43203de,0.004947948499464591
ck_d1a1cf4cf61d6801,0.04113948130836251
ck_b17c239f160e6017,0.005589093211055608
ck_410c3e13b48e0415,0.0031325580302044133
ck_ab553954435e8854,0.8992091232121582
ck_bdbb4230c91e1604,0.016116662606619
ck_8fd4937eadd64fb6,0.00622919399182416
ck_e0e90b196bef3c11,0.0011169019943051536
ck_3dc4d464386f0eb2,0.12728743287881056
ck_51bbbf8f8e8ad005,0.9899709379911715
ck_c05737ab74cf03c6,0.08844065169414123
ck_dceabbe04d99afc2,0.0022265181571546324
ck_5b86fd14e85bc9c7,0.7675162726901686
ck_d4febf0083800424,0.025752734054315007
ck_77d9f86dcf251739,0.00660079547791196
ck_b4dcebc543deaafb,0.04357786383739614
ck_cb856e75c949b0cc,0.0014142488943260103
ck_61b067de8ffc1ca1,0.026673773018822098
ck_c0e8560ccfd9dd9d,0.012618821415117049
ck_173e1198c341087b,0.003832673824783794
ck_b4d55bc809000276,0.04957078219036957
ck_839bf139296b5cea,0.03284785390771798
ck_78cd402a2a4f2e35,0.002049601049661763
ck_c2925c50ebacbdba,0.01062129050298852
ck_5e3bc76eddbdb0a6,0.0014111266981979495
ck_b7793edca26fc512,0.00466348710589717
ck_d79bdf04d6f31cd5,0.009201559790843694
ck_4b97d19ed946f503,0.02463736884236093
ck_37139b41c5370523,0.0797769656869409
ck_8c346eeefa9ce692,0.00950581628825572
ck_2ab7eddee2d8c49e,0.003846585199179602
ck_29da59ea3bffb9d8,0.14679572312905864
ck_c1d05ef0ec6e4be7,0.0029905120552212476
ck_3882423b449f6291,0.9073727474943452
ck_5647030283171ed5,0.544552580455129
ck_efbdcd9c181e72ca,0.012277148137798493
ck_192fdad892782daf,0.06897495917925936
ck_0bf2e13b9f2601ac,0.019089073267355705
ck_3d6046a533057795,0.015336452691773628
ck_279a1d3a3836e5cc,0.009560935385428525
ck_c375e929becde422,0.018506061825784792
ck_a59e90219939a1f0,0.010553890948042889
ck_4e9fba1ec54c3ff8,0.008106014536718208
ck_bcbd8588a13f5eef,0.0016820324603769928
ck_5f9a7ff990341bdd,0.00487933911243392
ck_e0403d507519b7d2,0.021965496723519006
ck_c9490cb61aff5112,0.012807136355055667
ck_41dd44308e6a665a,0.38131180726297875
ck_76c23726cd7ca947,0.009397205115669823
ck_9be551300209fa83,0.012882046766013127
ck_a98848eec6c9581e,0.05307160354321868
ck_61176dafb33b2d8a,0.959948965928066
ck_92de019e05971ce3,0.006481161663432367
ck_5d644224135d7c65,0.015081086478512019
ck_c767fc454fa215d0,0.006350114009018224
ck_5df85a8924e11f27,0.016272309625169165
ck_da2729307af06ed5,0.061709526494839934
ck_7c6b577174af7a78,0.006858290089408213
ck_893b8afbe11301e1,0.027920815130807557
ck_e06f6fed020ae014,0.007652445556901663
ck_386680372fb54857,0.003651469599414834
ck_7a7f3c4fe0c9d2ca,0.0017730045048841387
ck_f908b527c4db422d,0.03521100917447694
ck_ec2eee6a133e9a6f,0.026700551785266285
ck_d98934f9fe0b02b3,0.001201255644435976
ck_398a1ed77b0130e5,0.009369792709213402
ck_d960af7a55b892b1,0.007692337851746606
ck_4637e54a9f79e2e7,0.006346685336091349
ck_02b9f418524f6650,0.008293371265631075
ck_d4b23804cebb045d,0.011912148186628325
ck_35b1939c48182a9a,0.01654769716436448
ck_2dcbb71e39d64305,0.026844888575324886
ck_47a884dec960ff2d,0.0025439410438274877
ck_71fd8c346fde5cca,0.033571281761206474
ck_98e1992ac8e7d2de,0.05357905316215145
ck_ae7780327e210522,0.012869927748192225
ck_e6c584b4b1ad6d9d,0.014437895758948476
ck_344b2e326a6c3dcc,0.0029849380856606664
ck_9aa899a5230b0963,0.01603112824541068
ck_e48d14d5b70ef5aa,0.01639303978979055
ck_59d380a0973b3951,0.016951263828931397
ck_11318f7c041a5ba9,0.007806499465120284
ck_7061786fe2f22f5a,0.05027835848894417
ck_e77529651c416cf7,0.013051837333239415
ck_7f79878197340435,0.0058511132340703905
ck_b0a0fb0ee9ebf106,0.00893556874875917
ck_70c7679199776a90,0.007656884969603587
ck_b9facd2210daca5c,0.08294592503267396
ck_9949f53c155b8dde,0.015164523826751264
ck_1c607e24f2c4397a,0.030265396557657823
ck_aefd1ce3ce093cbd,0.0017241376213674936
ck_5a29b7018e43280c,0.0019569732284466183
ck_69eb0b2ccfbe5f95,0.02874056989305942
ck_fe037765aa465c58,0.021645805787789376
ck_5e512ef5362a3dd6,0.0048280168804162174
ck_544a9e80b7fdc279,0.0036511602080062885
ck_7825494e654d5695,0.02895905260446112
ck_f1f2c3c623553f0d,0.0026101979110836233
ck_52730906e5b461eb,0.8884072795334226
ck_01e0689157fe9617,0.18987493652927456
ck_9da82e567074da9d,0.09165468223093118
ck_6a17384072f904c0,0.026050528088114
ck_8d84d771a21942a7,0.00141477397687845
ck_39638880292782a7,0.006725042839404878
ck_7d51c86e0eec72ac,0.004894860266560937
ck_45f4c821c70d134f,0.8487685387838447
ck_0af3c13ba56ce57c,0.002243744767560196
ck_0789a05e061b2784,0.12238635090498662
ck_6ba091eb42ffa9fb,0.043738200491590475
ck_265accb3c5c32620,0.14297206356815106
ck_179039559ff7566c,0.03490412129395938
ck_17c0a6a92b5765cf,0.015097734784281754
ck_59371c9140239fd7,0.008696734279869521
ck_f9c4f8b4ce2691f0,0.011176930299647399
ck_a2637e4872cf4811,0.3605910927975904
ck_1de43fd6c6c22a5f,0.061552078469012186
ck_6e4f31bd108571f0,0.002614349139783719
ck_da06d97db0b18851,0.0015327626191171772
ck_e0346d5081e640e8,0.03363540517084791
ck_c1c7d4e62c9fcded,0.08835664769711059
ck_2595669e421299f6,0.030681318716843018
ck_3b6057d51fd4c7d6,0.004402552253808434
ck_c5f8ab515840a0fe,0.018493530187741025
ck_435cb24538c6f77c,0.045579196207637285
ck_d84b5403da4cea7b,0.008162523117577423
ck_c2b61a98d1c8f6dd,0.8639017402751049
ck_c9dcd92b2f836b61,0.19768310685924964
ck_9eb5b3f5f672c2b1,0.015532475168455684
ck_e4cf189a8d31649a,0.00804767579298173
ck_6b114f2a48152b96,0.0029741002766501758
ck_3fb95862b70f505c,0.0399121880823769
ck_7f780f465c29398e,0.004781088955626003
ck_ee387f9da79e67ea,0.028869318234686775
ck_fa3b1e85d27af2ee,0.12634599122335538
ck_e739eaaa7a1822f2,0.009301515558859462
ck_dfa0ac11fcb1dabd,0.0016288493614871368
ck_6e8751b571ea54d1,0.01350668540021039
ck_2d695f8358383092,0.01643988030399267
ck_e7dce27edb700f27,0.007175274343692153
ck_e322da8b213eab52,0.005597954232210177
ck_d0b32e039abb8200,0.007717448796522376
ck_b354003302b272ca,0.011498767427336777
ck_f7485cba392bc294,0.3606536617236035
ck_d6a290ff8362c7b9,0.08589123999736448
ck_c56a44fe315c0389,0.005120594715679789
ck_f77dfe6512eae322,0.014354339447033512
ck_35fe969c58b9e70b,0.08294359650347924
ck_4c518637db2322d5,0.06855557151073524
ck_cb61902798ecc4fd,0.01562552750122292
ck_56e6cfa32156a916,0.012986467159442617
ck_343e6ed2b9d35c01,0.0026565797167563475
ck_51440f64f7250ad7,0.034363160072108705
ck_295bca29c34cfe2e,0.05909843972268128
ck_dd30558576b45e7b,0.0067065980687854975
ck_3a30132a57181fe3,0.061554481064367526
ck_4a733aeb833406f4,0.009488593134706735
ck_1b0b7c3d35ab1259,0.04429532345761744
ck_962c3bbf27cd4b80,0.03317816023386171
ck_9528e1d6b1707870,0.005536682675568282
ck_b3263e7f31aab45f,0.010848263146630744
ck_e69195a3c885053d,0.0019079080089516726
ck_a907fa8795cd4baf,0.0031927464289861814
ck_205c3405045bd835,0.016813550130965527
ck_e81fc223bed3c46a,0.09019286845795582
ck_363751deae40edfb,0.13802592281075582
ck_6176baea8cbebbb6,0.014001405071070946
ck_633e6579f5c74a5c,0.8867464834642852
ck_ddc11fc481eef58d,0.0201509455920282
ck_e975002c979e12c7,0.07705937468762526
ck_8e039b23acaaac00,0.04528366840548386
ck_1d6990d94a4d2ad6,0.015425052000362486
ck_e7b583acaa3171a2,0.14802996135969465
ck_c0133f60d39b2fb5,0.0213498603845552
ck_7d6bff85e7a694bc,0.003873410493454486
ck_d305b4d82f63f647,0.0024304810693740833
ck_22bd0fc71f95e048,0.054887012376875106
ck_9a65fcfc7916f93f,0.004429642114416352
ck_d61c837b0106085a,0.022509899380171235
ck_be86a1db08dea456,0.018007491613193087
ck_90489c405e6886d8,0.0021933163138384178
ck_0add2c321d579d75,0.03937771936982404
ck_482dea6eed92cbbc,0.017482051549674495
ck_c24b47184534cc2c,0.9741205206632402
ck_fa04ac31e596e7d6,0.010710174895507275
ck_084322dc5a3a86f0,0.009023748645112656
ck_ccb72a33cc1877b7,0.015371109414044622
ck_afaf374009d3b248,0.015312874692004838
ck_b53084ffede19a8e,0.002083508764892603
ck_4760216154c8cac2,0.7025298999665365
ck_37ad3a65db673e70,0.007971845238305889
ck_0c2932cc0d553694,0.010475013886267405
ck_86b853c52f20fef5,0.007282832079901977
ck_38703b7546d35a80,0.0505810328453057
ck_218b7e6e6dbd2da0,0.003126836514892198
ck_402db4184982fdf5,0.01182637978016942
ck_f917c82af80e4a79,0.07750105253001313
ck_3c6417a233c68c73,0.03504920862814946
ck_98068c397d70dd3a,0.0329006775452466
ck_b1cbd6679c0f8d95,0.014552539822506965
ck_9e962f9bb0e7bac2,0.012645823055017042
ck_b08247c3ad567d92,0.7794011655224165
ck_3ef7a03ebb81cfe3,0.001409495806348551
ck_5d7ae0e3562e99bf,0.11782905545499449
ck_c91a628236baf91b,0.15126334135761094
ck_7f8e816ca51755e3,0.5812596060003444
ck_5aadd286d188f5c3,0.006931333887300815
ck_a037aff5f8128c73,0.006003598282210129
ck_5df6529ce8290906,0.024519762022506202
ck_5f3609511443e5a8,0.001998947156558279
ck_a6f61864fac3c8fb,0.008409268714354367
ck_2733fc6ba23ae46e,0.03604873182908501
ck_22bfb9246646eb41,0.573317707408773
ck_bfc2a57d8fd1610c,0.3531207431514583
ck_49839e761d0e74e9,0.014922546108682277
ck_aa4ba931dd37481d,0.004345553447318106
ck_2f9fa0d61829f815,0.009546662274692766
ck_5b82c774df10d49b,0.001281516623857318
ck_411219470d0a195c,0.15617512218884178
ck_d07485ba10514a2d,0.2989591512870955
ck_219bef979ee21bdf,0.001333189081542072
ck_eb1006e7285184a6,0.05859070609807161
ck_fd242b18575e3063,0.03699254750161003
ck_95188150ff059c70,0.03987163970729868
ck_a9ca2f447b984a6a,0.022558733227379786
ck_2dd39723c4088b64,0.023618825413212433
ck_aa2b4c662ff213b6,0.032521757205258364
ck_1867b1199c864db5,0.02096804534671203
ck_850ec97a5a0dab9a,0.009973989698821812
ck_562320295fa35875,0.0022859896645007942
ck_bab5759b07fe2bea,0.011924272859921951
ck_b9f1465d803e57b2,0.1167398412565395
ck_8f21f2690c32c691,0.08181803777121985
ck_df87d6f61a63eb21,0.006831919778249348
ck_770475876d0e7e6a,0.00804314967394678
ck_b4c014d5c0cc9eb2,0.013414066595640902
ck_3add4d23124c9290,0.004336826620398017
ck_bce5b7fecfb6264d,0.032901913123501075
ck_604c17cb97dc89be,0.05048200280106123
ck_e52cbcd9aafd26b2,0.006189496707754688
ck_0ac9114076f5bf3d,0.005936343215945177
ck_dcc125b178b79566,0.001978951011887375
ck_4e333c09f0c37dee,0.003968361483955016
ck_ff7e31ff8ba731e5,0.004370389239537709
ck_8d0532d24f1070d1,0.0016626763890739012
ck_3689fa41748a6f6b,0.1558692177035743
ck_7509eb97c1948b16,0.009953669115805034
ck_a9161cf1ca22a6bf,0.006224791045913538
ck_bed3e3db135b782e,0.044196263838785485
ck_9040edd974ef8e3f,0.6014756268815866
ck_fac32d76ed40f683,0.019409594429926774
ck_3d7b1078e2d57c69,0.004798333334056744
ck_dae09c4e074af5dd,0.020497967359263576
ck_fd84507228467b40,0.0873044038597482
ck_e2a2ce9b8cf44c63,0.005666070756845257
ck_cbe716f351d660d4,0.0205121134142114
ck_cba4162ef29a6d27,0.011769448819429781
ck_4f1e962ff8a29732,0.0033977086584612228
ck_39a81899dded61e4,0.013025900459424545
ck_25382331551d22a5,0.054970876463482594
ck_6d64e1c07b19856e,0.006039910415754911
ck_165a868bdef28ad3,0.055245450254461606
ck_88774ae52e30e877,0.007159485252308461
ck_fc7a9d0643570053,0.003083449456931955
ck_c2017120b3b88a46,0.005223652019780509
ck_d115ac6b9fd62a7e,0.005713026077743792
ck_439cf7d51ec7de0f,0.009989669620838474
ck_2468a7e9e68a0927,0.005347868625274331
ck_7c418947124dee8f,0.02747048312202169
ck_fb0cf32c4a56f740,0.014312429569076485
ck_694eb6c43193afd4,0.019685448573946166
ck_993beb188dd4abb6,0.004332660204093083
ck_77fa39d3b733c226,0.03438596623595524
ck_49969a9abc47cb69,0.007951924678109724
ck_d3f44bbe2f7e9b2d,0.015722401689571695
ck_fcf5b8216d0c18ef,0.0010438534606378427
ck_daefe1e2d2bc362d,0.005354358015703996
ck_9c9287cb28950eb6,0.014915877262296215
ck_c1d1a625b885a975,0.023805590673851636
ck_71b37fe47490b4ba,0.006827683243790061
ck_5d16e257c0635f7e,0.366387485831715
ck_15918075563eb074,0.0024659229585723154
ck_9a15fdefc47e8d11,0.011438175230025395
ck_6f04d047d1dde75e,0.0013707140253006221
ck_1af2c0b3b8d202c1,0.009960468397832205
ck_174be2231c5fd2b6,0.0013086008783128897
ck_bb0713a2a1d65982,0.05537826892446545
ck_0daec63bd5b0729d,0.02135425112698217
ck_c0b5cc3e8ad2ff44,0.043046368201792896
ck_35bee1fc12664644,0.20022913022887212
ck_a1c7cf63467df4c2,0.0032666559699341645
ck_ecb1e15f0b185ceb,0.012943213776004745
ck_f280d31f54a4710a,0.02472951637579485
ck_30f4b2ee8abe1342,0.03535794995254961
ck_66bed631354de5b7,0.00543970457727749
ck_c2d3ecd7278eba2c,0.0032327206892519183
ck_e901dec0e09eccbb,0.0022769195885655883
ck_5d038ecb3c8748a3,0.009577806068873526
ck_283c5bea94b21e80,0.005838439937807369
ck_7956c251b85f009e,0.5309602208602667
ck_9f5f81d771146aa1,0.0014689806325044808
ck_9323e6fc1e168eda,0.7283359182244656
ck_10495d3a635b8d69,0.027192863809009905
ck_1982d571cd36eb0c,0.005383911424404714
ck_4f5d7985bcc2eda4,0.0043387892677332965
ck_7df526b2b4410bb4,0.045586465622625555
ck_dbb498b1a346a402,0.0028074706228887586
ck_ef059997563e3330,0.007243332599095479
ck_02ec4e06709e6b82,0.0032079690340763778
ck_9782c86ba6485f88,0.0026573068709910093
ck_d69de468b44143ca,0.0054728857997588636
ck_6430a8792f400e0a,0.0044383913535747
ck_8285bd3c90af94f6,0.01026221626925176
ck_985c9ca112000e9a,0.01615203344758313
ck_e679fbf4f4f4aa07,0.004244089203500022
ck_016e8c8eaf9d511b,0.10330255619485844
ck_bc996c523944644b,0.028438487831590475
ck_5b8315726f6204e0,0.015195365933132993
ck_78181f8e998e442f,0.0019630072983169754
ck_71c68dfd011dbbbe,0.6439952654899972
ck_db32c95ce2b6f502,0.9136620231467294
ck_755010362a9b1bc4,0.001627746420169774
ck_114141d85256c9ff,0.0013623634247710951
ck_9d1a5cf5a3b87e48,0.02012048471807357
ck_ab640420858ab5c4,0.2654771571202093
ck_97a8dac48dd62488,0.1438494944428075
ck_879cc3166fe1bada,0.0028832512735310735
ck_b0ed11080076e381,0.014303863824347347
ck_7334a9ec656263b2,0.007063777553536928
ck_6494f0ef13ce44d9,0.010067960765895473
ck_724e459b9ece38f4,0.04326670092370836
ck_7fd8b1470401695f,0.5419205982443824
ck_292f81186358b0fa,0.0065192074110773015
ck_fa7de64d37287615,0.022914689204759014
ck_d00e09e66ed6458b,0.08567274209297163
ck_b8d210e741be186e,0.004904054110740606
ck_3db59982cbae4410,0.03682818662993641
ck_69887d0a9aaca6df,0.0014006092178955821
ck_4feb21e2fb0b3977,0.01020848982668896
ck_08c6cc1e143475e3,0.0050058894722386765
ck_fe6e168cdbb46b9a,0.14905820107498308
ck_07f1734be7fac56a,0.021867738828120042
ck_d66d59981307db93,0.04326493774585991
ck_f928dba0d587d7c1,0.003591673379553656
ck_786448fe3004cbd0,0.015740060320401098
ck_29ea329fa40ace62,0.009596272526353778
ck_7ea52b6f27edcb73,0.045496039916941775
ck_18bc51bbf3ef198e,0.06509435311618499
ck_44950df09ff14ded,0.0015251405315421778
ck_c1466b52c0a10b93,0.018629341022988383
ck_6cdac067cc4db5c5,0.07860201947305012
ck_53f55c6e8cf2d432,0.0021183976953643878
ck_95945f48453ca532,0.01280473238010072
ck_87cce4126e215153,0.012387103533291016
ck_1ecd5516c92caa4f,0.003200664924084216
ck_819b482bca14c068,0.4951275915901324
ck_a61a879dd46fc9f2,0.007970326070597094
ck_af70aa32c009c3c9,0.015386408656462194
ck_f4fe78e249092ab1,0.03490517606325519
ck_12c46bc52bf45b36,0.005952215433013758
ck_f05f5e4b40afa52f,0.07808192489935886
ck_0f8cb09d3f4fc980,0.03244303958933559
ck_80a64a7f0275a71d,0.015424444441136768
ck_683af7b1540a0b22,0.00693591245388719
ck_51fe0b613c076cbe,0.0028636444498959736
ck_da1a2450219dcf19,0.03575950981827216
ck_2a7eba01ceba6c2c,0.03985424806519695
ck_4e329e29dfa743ea,0.2006113865364545
ck_0274d881d6db82c8,0.011311155408880356
ck_0af5b7d128035b35,0.012987201405613814
ck_ae0a7be6b0a0ea68,0.008401739958689319
ck_de5bb7a4d091386d,0.41527759704248957
ck_2bb7c17168a9d17d,0.0038918144821808148
ck_0ffdff7b2f5fdfe4,0.010414321255985482
ck_718a8390b3d42d7d,0.007302002539388825
ck_7c4f12d70f184533,0.0013754267051875012
ck_d3e2c26b8adff099,0.01001312046877778
ck_ac9d3d9754104cf0,0.00206887580233805
ck_3b1766a1d51f8f0e,0.14247237605531177
ck_a9bf75bea912027b,0.018271465513548968
ck_687eab3ffe1f8cfa,0.030436276797074696
ck_25dd0b02af5b2f37,0.053244348184870866
ck_1747fcc466f0ae38,0.00189683026226095
ck_f6e9d14dfb6f3c28,0.01790934884468689
ck_c6a7bbd0adc4d5f3,0.044006650022419956
ck_46656a23f4456d22,0.5964400504481133
ck_7519260415c2998e,0.018880072862419068
ck_754f30ea19df857c,0.0070907591841898356
ck_ba88a244d5f7380f,0.011622049514643532
ck_f268416945316815,0.016875447980521496
ck_21860dd2159dff28,0.003988188362005739
ck_7a86ef4e2beaec38,0.008406131859234105
ck_0414507baeea936a,0.02561507846299973
ck_60796eb60fc3043e,0.0045873359336223215
ck_1e0841ed17fe0562,0.010648006136843541
ck_0d641d32658d6e0f,0.003369794474767385
ck_b36086ae6d87eec1,0.005321434310570593
ck_962e65ab33b5c311,0.9196072505156083
ck_b046a42684468e63,0.0086698406937505
ck_ab3426435b0017d6,0.093584854255299
ck_fcfe06e44d09a344,0.0256448959605651
ck_0f6d916c92189516,0.026742653572784516
ck_d4c8f0d957c3965d,0.036005480833811054
ck_2ca83dbd728af019,0.004545233778178808
ck_2857a4ce9f72fbfa,0.002618757905146228
ck_a60e6edc48e3d0ac,0.3860929550466249
ck_0cbd3b27063d4415,0.02511321282959924
ck_612089ec90c37219,0.02260936365754488
ck_ec4e597f17f473c6,0.0020280395928717935
ck_1c93cc58f314bf71,0.024210756622200597
ck_2b359a979520276e,0.005155929073950381
ck_1496568ddc3b2d56,0.03038633982100032
ck_41d91dc9f5063566,0.02834757845265699
ck_4c5ff58afe3d7a67,0.0036916068946428408
ck_81709736281fa3eb,0.0019266636192814426
ck_d89abbab3d4957aa,0.004432740645211175
ck_52453401f88935da,0.010032529674866819
ck_a477654d34783e06,0.003372172340477877
ck_72dd0dbdf808cb00,0.03258598254340258
ck_c183dff3781746cb,0.04403520452822689
ck_c8b7f241810b45e5,0.001512766024148215
ck_f88028c3f306bc70,0.025558072599705516
ck_91d48d69e4f5d9c2,0.011210591073170677
ck_b74b9ba6d7c9aab7,0.11099571776868819
ck_03e904682dc73bba,0.007314753012125341
ck_fc6fed6ea96a004a,0.010934554877990582
ck_51efdd240e34c642,0.04291088744172457
ck_e78ab4ff52b5fd2d,0.00845563653343112
ck_4af7b97c24d89a45,0.024686988841877002
ck_295c0072eca7f7a2,0.005773668013475927
ck_8abd1a50a9227463,0.04878687728104326
ck_ecaa6f13304e3dc5,0.0023831039508408845
ck_de436e7b319be1fa,0.9858988644779616
ck_c802cf8f61466027,0.0027200732719011083
ck_3d83e0a3c1cfbf8b,0.09388607507294572
ck_28d2003c2d16e4b6,0.0015319733157185137
ck_8ddaf745bbb9cd62,0.0013796137507346871
ck_493b6256091014cd,0.02714711906836082
ck_a2245822cfea997d,0.0030554450051909327
ck_f7305b3c64cf8a03,0.043448498982560285
ck_9937dad93a0ed3c1,0.009070713427255761
ck_d654449f9231ad76,0.0049187050474771375
ck_850e2b59bc535490,0.01944111515936004
ck_e55e5bdfc0242aef,0.05896221853662615
ck_d35c51e981b98c5c,0.009836681531475357
ck_27cdf9c5e6f0915b,0.006748724543250817
ck_d328db1e1052d820,0.020800936891071244
ck_0ea30eff5f361cba,0.0032035997570925563
ck_9994323f97109f4b,0.9855246295165012
ck_09054e97bdf9624e,0.0025336147522568428
ck_723b4afc388113c8,0.004353008979239537
ck_588f6e6a6a6d93e8,0.006053115999028725
ck_e1d563fab4d6116a,0.008928282929087055
ck_53aca610e20598bc,0.012844879861003999
ck_c8131ddc7ed33448,0.0077678796991812234
ck_899f88464305824a,0.041723577537897155
ck_1c17c65804f8889e,0.011166597677548691
ck_45a16ce12893cf9b,0.016248697451867734
ck_f9d481aa4f9b2808,0.6408041226520996
ck_1d5d74169cf892ef,0.03085542537847054
ck_aba32acb61c1aaca,0.05975132843871286
ck_ec4dd3675a8d28cc,0.007408629459286216
ck_5dcd443fe0bbdeac,0.002867695754658793
ck_3a47e3f54475e854,0.008819805179401832
ck_a9aa5c344c315532,0.007954739794151832
ck_9652283c9f61fcec,0.0028411356178323593
ck_752dd3d2487f78ea,0.014968930856865414
ck_a821980ac4db9943,0.09824027676763948
ck_93e0d6befb67f7a1,0.020925934228034713
ck_e7a3881c3e36bd51,0.6444126188857779
ck_12631b78f8a03df2,0.005932167732036189
ck_57b8226610b48854,0.008290719034082232
ck_352657008983fd4b,0.23985777325892044
ck_0841a5c24fd3dd28,0.011947696321854124
ck_db9b9d5d30f74070,0.08617576942421269
ck_a9dded7f6294e44f,0.08639248596681419
ck_91a16336ce3217dc,0.014542835892385607
ck_371bd9388b287677,0.002354533566671353
ck_f285e5e1912a7c62,0.0029667974403781374
ck_368b65fca69fc415,0.051143010022687715
ck_d27a73596b6500c2,0.0045584452281582305
ck_2d963f9b2c4d11e1,0.020537092890768827
ck_7c500e219af39486,0.004807505912704322
ck_7d025dea5951cba7,0.012225002561255863
ck_32f632706608859e,0.018913996843767794
ck_53816231f3ffb48d,0.002851049800616527
ck_9dbe184e81c1ca8d,0.31393533980084415
ck_d74123617f22a21e,0.004744031656320584
ck_275386782b1606f8,0.004850347061710651
ck_0b0e79d33e50cba5,0.003397342932545267
ck_ba93cb604f792915,0.02960473541118796
ck_a86cd653472eccbc,0.005856265460325702
ck_87771861e0447210,0.12348843341493923
ck_212380e0371d8a6d,0.007489038390323143
ck_ef0d702d7b0ed745,0.006990781166837792
ck_2b8f33e22f939372,0.817863831001452
ck_480347ad92037105,0.007445196063164672
ck_20124c3a16c53ce4,0.011792337952991722
ck_c9e1e3229baae708,0.010425282850607443
ck_b1befe967f7a5ebf,0.04143044450445428
ck_4672167d7c989bbf,0.03522897301383997
ck_f0c44ee5e3a42e3d,0.08214407267598513
ck_c416357d20238a4e,0.01026281453422256
ck_d0f470f8078c91df,0.009117535176000587
ck_3a70b4ee59084715,0.011551021173279344
ck_179ed66cdfc1ce27,0.002757071626298736
ck_387e5a7f163c7837,0.018486747739321525
ck_08fb463e69f647c8,0.9741251370090954
ck_732f725747393ec8,0.015055539588483465
ck_7cc5e0fa3ca5a713,0.0029823989507357
ck_ad4a4daa826ac68b,0.014708471197926804
ck_472e0be7a3b533bb,0.02486121585590667
ck_7190177963eafdd9,0.008191512816078116
ck_647ac26c5900f082,0.006561238247758356
ck_272ae2179bbd8e58,0.007516983525925231
ck_09b0d8af304646bd,0.0013449049227969281
ck_ca0cc8ea9f344408,0.007411764893974758
ck_332ad134fb909869,0.007860978967167226
ck_fca2798914627dc8,0.0935498044841642
ck_4450b55f462ae134,0.006386547838601421
ck_d67d9dfb60b286b9,0.002971026660959855
ck_a9d2bb4f2bde7052,0.005530388826688212
ck_929bcae878a3ecb3,0.5990871523084009
ck_59a9e000fa275e1f,0.009959764613881202
ck_57f17254e2688637,0.0446875059694507
ck_0508908697f60ce3,0.12692712710534754
ck_946afc2943298d26,0.0030120485553198476
ck_7176d12b18f2cc0e,0.010347090892883134
ck_5c47b49c26cce286,0.039221073152639445
ck_b6a2bdb2d335e1d0,0.984066287950971
ck_1d58f6caaa4d012c,0.017986239327704334
ck_71c917295020ccc7,0.009449754105150627
ck_bc89644ae3688995,0.04256620535557199
ck_e7c212f16d6df272,0.006869838235698967
ck_c6d2e11a368184e6,0.0115517733371334
ck_eed7f1f7548df15b,0.006002215651851426
ck_75b69034000ca7bb,0.03281460026875105
ck_38da3bf629458682,0.01683675701963
ck_90114c891239d821,0.003878587158672766
ck_8ee08f6777cc155b,0.03505715583900992
ck_bd86132499defcd0,0.008974494132865666
ck_b95fbf2b5640aa82,0.016510892469149132
ck_c530235393360e3b,0.027088096016921925
ck_be52a7ec43241ba4,0.0690004574283011
ck_d96eb3cc55f2772f,0.022355940967083678
ck_dd34f0a844fb115d,0.11624672659286218
ck_17cc7b411f448e66,0.08844730699732482
ck_856ea65fa27d06dd,0.021406917365344856
ck_056d5f0301c30902,0.022915640723503806
ck_e662b14b2bab23a2,0.12101859728035229
ck_209f574c8d92274e,0.03426807827934258
ck_62720b81617896cc,0.010588222291969747
ck_041614694b77e599,0.004540554457963286
ck_461e3f7b97db8d16,0.030690849218399
ck_1b74b798eebeabdc,0.009756354784634687
ck_0ed2739384f1d644,0.007582677025249473
ck_5a4d19f1b83feeb8,0.0028332392600520073
ck_463937167965a1f8,0.013637035110436005
ck_9d7151dbdf100e0e,0.03366422656093487
ck_20a7d1ce6cc27312,0.017620870805354006
ck_6031211ff118cf0f,0.000997336465585444
ck_a6fc92aa91e99b77,0.8974595234566002
ck_0aaaa9d2f75a0518,0.007212781234171702
ck_ec26e327cc1848b2,0.015610700102118295
ck_0e6bebf8ae9b9b03,0.022590706430237757
ck_e107537a4cb738f4,0.013187104016745544
ck_e8ea56e122a5a487,0.08550688643794273
ck_98149ed45d38c4d3,0.056473190828546474
ck_0e719b3a6906b8f1,0.0007557474447361155
ck_0c6e7bd357e4a348,0.0015666957252907813
ck_d3b2b250da61db19,0.9468569879511445
ck_8bb6b0a292754576,0.2206030353153998
ck_87d70f5fe48a6128,0.042053611554741174
ck_ea9edf9c107d429f,0.01493435874812726
ck_059806c52cebe4f1,0.27528328692059445
ck_a72d6df666e1c21c,0.0056838414911890445
ck_1d2b80ab6c4944b9,0.009474850820849458
ck_60557f077abc42ca,0.26312924978044816
ck_e5f5cb7dd6ce4a37,0.027207237380347638
ck_4c4a939154446053,0.001970640751021923
ck_50ede3eb561a202c,0.009129385487261985
ck_6d03a542922b2ae8,0.015874359407774263
ck_d6fe761ed0db3270,0.025728007153288383
ck_7f0cd6ea3096f985,0.0024611025507447577
ck_23edb6d938a3b87b,0.006149997925888025
ck_799aaf9f2b9ef621,0.012274768619897567
ck_f8f6a03613b6dda8,0.011916854875333996
ck_7cffb189f4f514ec,0.9498726733320777
ck_c081e1967dcd811f,0.033311824023017196
ck_583d6ca78c97d91e,0.6265147780925342
ck_9332bbc7125219a7,0.00658829502605616
ck_956b5af6d7d86c65,0.9312502639460923
ck_2d634e3f24681c0f,0.028731717910394236
ck_7b35d218ed0c5a60,0.01016638328326988
ck_ca5b1057f8248f73,0.04997812198760031
ck_ec5ea81cf813597c,0.01797263812600523
ck_eaebaf4d28400fb8,0.007671346129882287
ck_ae2ab6be219219aa,0.00269010362253727
ck_d99a8b4c820eb46b,0.0034523878202012397
ck_bcfb7ffb7cd428bd,0.0043735854514327715
ck_3dd542c2d31be2c0,0.012808482209758195
ck_c7dd84401e29a7fc,0.004893195629218904
ck_c4bcc7cefd40f8e2,0.002057286276626242
ck_c251898b5d51e3b0,0.008125044635019533
ck_36d37be780c1291c,0.01640052504266152
ck_99b4f266b61ae7ee,0.04630585575732531
ck_c37f03995f0f0169,0.0013979187570180287
ck_65a23ac8e44eb901,0.006058248660710365
ck_644b1c1149eea9e0,0.019470110697586727
ck_9cf44eb0237c2429,0.005990392039800192
ck_20541686a94fb71c,0.014344322557767915
ck_c18245be844680f3,0.005034997560233806
ck_56de216eda6b7fa6,0.0027492574801431828
ck_406c4442dee45cd1,0.0014015435845029238
ck_df1585c7d72a96e0,0.001355507872388098
ck_b8e8dba20676d87b,0.017815894867691487
ck_0ee6965e68efc177,0.018681278968979115
ck_c2a5c54ad8d0d297,0.01602201362859308
ck_bf6fb7e6470e95cb,0.0017252685150297162
ck_27fa694569140345,0.0015016848888828069
ck_e04166b0ce66393a,0.023465291023413416
ck_8742114f4f0cb22c,0.20946598543155776
ck_6eceeafd56b42576,0.02155633966095855
ck_34f9951b0eca1965,0.017291850413353526
ck_384ccecd342a24ad,0.002044036950750925
ck_49c98bebd1338879,0.0025697148790761177
ck_6c26c12071c91ff6,0.0026503735072591047
ck_01e5986ebb9a78f1,0.03531572864405209
ck_121db7ba3be29ee8,0.0597457367851088
ck_039e6d5a330cea1a,0.09970832269799279
ck_ae8c9163cf957d7e,0.04785468898612956
ck_3f5e8f3f1df0c8c7,0.18747738275009354
ck_b1c51fdafcd80122,0.031286872236096525
ck_12e2b5ebfe8986b2,0.008939972995042258
ck_d55eb81a4d543c59,0.007937644141185033
ck_f85155ca5c312c7b,0.025625357925526053
ck_133d8a1ac7c0e301,0.9635763214318254
ck_04212a9bb9b28696,0.9900236519314983
ck_4cc11c7d3ca61f73,0.004233941170128845
ck_2df4854186ec515b,0.012890756377550406
ck_aa9b28e7fc43af79,0.452729548512303
ck_47cad6c3def4c9e4,0.0025069078078427693
ck_fbff7b5da8111567,0.005158299223438274
ck_bd25ea782e375b22,0.031975006186601054
ck_7989376f8cf64a9d,0.01182084875474306
ck_675c0ca1ebb1051c,0.005783844102407702
ck_1436f6e11d4008f9,0.03023671595586718
ck_812cb3a4482cc618,0.009742199920779357
ck_6e606f73a1094afd,0.008042860875982678
ck_1b708e2a4a0584dd,0.009951284862681068
ck_a60d6b324bae0330,0.04115081444889028
ck_706a4f673a9fda3b,0.45610419571743277
ck_a75ece9a9044eed0,0.0028077346853908757
ck_9aa45c4e03c8c57a,0.03161175065835083
ck_9fe9bdce982b312c,0.01793001267546022
ck_c6fbdc5ba68a8466,0.02168467281180218
ck_ed0cc1b1c28f9511,0.14451685708422185
ck_a4e2607b4c8021e8,0.0012268291696592019
ck_e02f93f51cc8caf3,0.008923385028578711
ck_7084ed3cf20781b7,0.019569574780081075
ck_cd4c63155570d6ea,0.007771393532547633
ck_d1b9e5d32d2d789f,0.0042690413723891945
ck_68f56f6560a7a933,0.025587681419261328
ck_8bedacc6233c6269,0.0077879452642825005
ck_ab7cb50407d6b13e,0.11154848486018597
ck_f17ed7e0fd687742,0.13788420193840817
ck_b0fe4b92fc70f72c,0.004737324748404154
ck_84d62b8196da2452,0.015702466701439457
ck_9e298cae167f4693,0.0091376161482288
ck_405b20ef9ad0ba5f,0.07976847432443074
ck_813e02e1ababd177,0.03961387790659079
ck_f234ab47061ba7c0,0.0016326609602065226
ck_22b587c18363899a,0.0061522445368939645
ck_4e862c2f48c38aeb,0.0032277242556996884
ck_b89cb90a420c9075,0.010543367084954533
ck_be2251640f27a3c9,0.20114744480466956
ck_46bec0bff167ed3f,0.018362926817875352
ck_c0032232c2868328,0.00373919513488613
ck_030cf09525dba4ba,0.003749823545378531
ck_6ecf56236789fc09,0.9137424455758636
ck_38d4ed52cbe6d123,0.05935240558411591
ck_2d923d957ffd4d53,0.010417479668324861
ck_3af1eb88728ed8c7,0.008430288116271539
ck_2f8120ca80a1592c,0.041893226833188454
ck_6cabb1a133f0b151,0.015273645383661702
ck_bb6cf7e7b707731d,0.9114004830814167
ck_c8307fecafa90140,0.011296654351468292
ck_75f968be67f46d24,0.048117348573282634
ck_df6fe4ec5a233213,0.005029338059743872
ck_b53e88c0e927d896,0.0020128522032237866
ck_f0093064aa28f4d0,0.00942439043979323
ck_ec9976cabc63ff92,0.002435804963588987
ck_30dac0a58c5590cb,0.19177989054491631
ck_348a525791ae6475,0.034927552441548396
ck_b898d912d1181ef9,0.021645384567399954
ck_f5b1200dc6f95760,0.08026779999803915
ck_54978a073e7a0b1a,0.012931970570686435
ck_55933936536a4071,0.002051876245844231
ck_d6ba7ffd2ae08863,0.011972890061543742
ck_404e2217fd87fdd2,0.0014079870823954816
ck_dfaafdaefa5716b6,0.04133162056929905
ck_556c62e92d4e7e5b,0.13928330506331926
ck_7ce44f4e06d58111,0.03603797362304709
ck_465cb8ce232c7670,0.005699091836010029
ck_237508ca4fb37268,0.08867331780823137
ck_ba4a6b9aa63964ef,0.024711748268168028
ck_4802a0a7a1882c88,0.48516435424720117
ck_9478dfe4114c30f6,0.021762041815969177
ck_5138f6c575dec64c,0.010553773794275178
ck_aebb42afe430e2e9,0.004536824259020689
ck_004efa95555437e9,0.008148826033396318
ck_11af112667c98394,0.016977121711098074
ck_44e9a18a8645c9d3,0.003703630792294209
ck_2605fd571219e28d,0.0019017821768333159
ck_dfc933493561d84f,0.005975820175611695
ck_67674348e68d1f25,0.011888988556211599
ck_dd97429277a2fa00,0.012540593843806203
ck_d3eab7a06eb48348,0.03692918538162208
ck_0b9fcff9667ec05a,0.009031601015261266
ck_fc4bfd6e739bddea,0.004151980185024322
ck_43292f70a03ddf2b,0.019148678300404346
ck_5ff6108056a3fef5,0.010762572849397729
ck_767e0be086b5f601,0.014216421907871722
ck_b8465b1a5666155b,0.050343933795892026
ck_ab2e3fc56f5b3aae,0.05030726213651581
ck_1833c81d693c1e07,0.9209975892822677
ck_0308e0602b856445,0.0020110103207160016
ck_ccbdfe744acff8bb,0.013823190228847836
ck_b294aa27a0b586d7,0.003012148162764762
ck_a3747201f377626d,0.9063505736398516
ck_edde1d7d1db24725,0.019880077771263455
ck_ae3b47d6e1063704,0.013871459560864692
ck_3aabf5e0f4defb41,0.017129970248986007
ck_f034adb57391f3d7,0.029862633421873917
ck_533672fb40531607,0.07817144873844041
ck_2a244f1ae08ef83c,0.050491855617458385
ck_a35d81bcc54ece2f,0.0064058889687842804
ck_78a61215675b38f0,0.013065902231137908
ck_e013d88ea7939616,0.00851513965740189
ck_e5018f9418e0102e,0.04530497905990045
ck_d4e024fcda401a31,0.004910897426243134
ck_f736cffbdb82db34,0.0015388632538993416
ck_1507f5aa50cdf3a0,0.017880458187482483
ck_18270fee7c8fcee8,0.011334809636901895
ck_95ffa1a805a1c9d1,0.007585834930829984
ck_11132d245b94d045,0.0029239986369608137
ck_7b93a622e40d8b14,0.04209719693305185
ck_3854c08d17704347,0.0555098334570001
ck_7717fcb100dc4b5f,0.012500957100981178
ck_ba54e0a1c328119b,0.5621610932405205
ck_a7afdac4ecbf2de4,0.6116257077922422
ck_ecfb771ed2352085,0.016360422885177344
ck_68be4fefc85a6b64,0.13615838265223157
ck_dac7c50bd6d0148f,0.0021961761066061217
ck_87cf36a03bd63c24,0.11831802453671951
ck_8adb40b168b59d7c,0.031870726042963496
ck_8d2f62930777416b,0.011007317874775695
ck_9958b58da9e3c21c,0.04188903084227208
ck_9440335375701f44,0.01647384835754743
ck_e2f88e202b6f700a,0.02086611653063082
ck_4c7c50684827a2cf,0.003159532836958493
ck_8a6ea4a79b1c7a8e,0.011620333870274401
ck_186dbff4b24a3bbf,0.0542458585326929
ck_220fda3c11c59b6c,0.041183437805301815
ck_3acccc69f8b1fd14,0.01881736055045996
ck_9de191bf79afd676,0.011750728990684915
ck_6de6b1663f9457f4,0.0011542025023543515
ck_062754f8b79b86e5,0.0019849783313734613
ck_aa153a89a52f7eb5,0.027956226164849128
ck_34a6bd3be642f15c,0.021396815195831156
ck_9371c700d9830326,0.01838082760985361
ck_a99e0c258ad7576b,0.009031136103070918
ck_0a7ba51d626e932a,0.0166388379146016
ck_852c50bbba1ead13,0.0688462306141267
ck_43dc13b6b6d31297,0.11527493775366293
ck_7d81b59d615a6649,0.036888107271958
ck_39a3f1da060e88bf,0.022444559090563976
ck_6fb2d142c09ed3ed,0.01832348170239935
ck_6e5752b87324b58c,0.01320407351551198
ck_9441d48a12e8a4bf,0.19935923188256585
ck_09e9c51eb538b255,0.004324922761651542
ck_8d0cd981ed3a183a,0.013645143322517882
ck_57c07c45269ca8c0,0.0043145914353737375
ck_ccfc9ab888ba933d,0.0031479601621328293
ck_9658a6ef471053f0,0.003947383323368109
ck_dac3852758f4ea89,0.0027465906628376313
ck_b1ed2278f5f14d82,0.025743401592702803
ck_333544d173524f70,0.05194842362750897
ck_fd4582e3853ef23f,0.01351598017240164
ck_614d936cef98db04,0.002785479024560115
ck_6bc351a3d57aac54,0.008913176349048292
ck_af5842fa7202ff25,0.010072383939886029
ck_81307759252571be,0.004085984712826609
ck_b4d2f02d2cd45720,0.2039348113403771
ck_1bd753a4681946c8,0.95232974637211
ck_46d8c029d46867b2,0.003867437632201369
ck_b7da6640fa2f49cf,0.37037873561007983
ck_9ea3d5a5a91fef9f,0.161769419009186
ck_7b922518f667f76a,0.0019105476167113095
ck_2a5b31594206eb30,0.8003211352157685
ck_d9506476ad3f9e08,0.011208653169139795
ck_c8791f7ebd4d93c7,0.027984597856839037
ck_b5a3e20fd210017d,0.009196409244087086
ck_8e54386f4fe22cad,0.015414097224459248
ck_75296704f5806f56,0.024996682276494056
ck_0fbbc7a6af300368,0.004288639223298263
ck_d19bf4dc0627113d,0.003522325300033785
ck_7951bd4eb99a0175,0.005109573982148364
ck_059e4fac6b7f704e,0.008533718344796881
ck_2ce8931af02a2ce3,0.014201760310214591
ck_9e665618a4860306,0.00311259795654343
ck_6fce5a893613fd2c,0.001136600190658239
ck_9e3fbd04e3532f32,0.33577786450893843
ck_55f2ef0de3420e3e,0.01178077979788648
ck_8d87658a6f5d204c,0.37761255529639376
ck_6d6ac1f5dd882aa5,0.0018650066205717448
ck_55d0c7012d7ef236,0.06925802969049474
ck_7738eb085e5753d6,0.019208145908113202
ck_0e6e05c3cc8c8242,0.00840576597114691
ck_8d27ff8383d48132,0.0049410374565983465
ck_9afc3bb849f3a64d,0.0058450707428341405
ck_27eb86a9898cdfe3,0.005413612029307698
ck_1d40e4fc541abe93,0.13385074294974356
ck_4fd9dc00e1913587,0.9661648431576428
ck_b26cdb2b7b165d2e,0.018892729676293043
ck_a79a27767a02e31f,0.022676357393626195
ck_f0c18cb9f951a71e,0.013186128262060675
ck_50460e0189de6274,0.9293900619491451
ck_5e5280539257c986,0.006390590316556053
ck_eeb854318b3a6f0a,0.008259035789590415
ck_943f66f28dd24750,0.001296496390044565
ck_984dd7452aee372d,0.036579668601030284
ck_ecaa6de0aca5e9a0,0.01223123258335313
ck_8f1cbc432e2774f8,0.0980981141148015
ck_d91d9f8445b9769a,0.5032536077723296
ck_73c18e03e3c7612e,0.0012297308825778832
ck_aded05ada490da20,0.005261996690741727
ck_f744e208183971f8,0.0027616340675236804
ck_02d4cef6358ad3b7,0.0047244954711157154
ck_08ff5bd467226a5f,0.001337790200271174
ck_f824b326d5089885,0.07298478057304432
ck_3420f2fd520890f3,0.002295669276692051
ck_1838cf8d00f5b1e1,0.015613746901107386
ck_a85182ad90b6f1e1,0.0012832893836025702
ck_fecb39c82c43e76d,0.006221394292850133
ck_162513e73782929f,0.05282491000756398
ck_2c27b77c59d8f23b,0.25212185082883865
ck_4221e07b17388fd3,0.03636796753724854
ck_adfb8472d5c3d669,0.018930116306047018
ck_0742fe64055d686f,0.0022164291292246035
ck_5060aefcc8b6f958,0.009345647253624696
ck_643f549b4ac78a26,0.1710417096381342
ck_dba767885bd6ad69,0.01333941352044847
ck_0dda35c0c64c7073,0.9669615343607997
ck_38ea56d43afa5660,0.008416460451738696
ck_d813e15ac91f487c,0.10356202330143946
ck_4c840e5585a7b167,0.2880429762576958
ck_cb8551453a7bb929,0.0029570357281221388
ck_05a00b1dd5a03359,0.00511391738463051
ck_837cc7fd48453a01,0.014178731166310288
ck_49dd816b31fba6b6,0.19117355856712503
ck_86a61d9a39768e87,0.019474298861337
ck_cd0e76f0e7bb38cc,0.06482218600518626
ck_dbe58392635133ca,0.04646239218402139
ck_3caec7dd6f8d02c9,0.03855826819998927
ck_bfd9bfc5b6ab4a54,0.03229510173105254
ck_2103399bdb2898a6,0.003100909939235652
ck_329f7de7279e74c5,0.008230469104434222
ck_9bf0d28119fc42c8,0.04620702696912566
ck_f781539b1042dc83,0.003909252677693032
ck_9986c7d781ac6b4e,0.004948898744231267
ck_a627734880aca848,0.0024544168522026705
ck_2106e509d77fdb4a,0.453203904104876
ck_420d1a9c604293ce,0.005293651891605839
ck_fce0610c527e2b56,0.01936106724432688
ck_073da541ec3f9d3d,0.028929941047651564
ck_aa5f3ab48c17fed8,0.1958464503097901
ck_0fc1086e1c9e04b6,0.008017431609746167
ck_5c33bb46c1a5945b,0.07716795981708416
ck_500948a8d4bd8e13,0.005971321190755413
ck_19becd44f2c3d2b5,0.011222353006192884
ck_7d0fe77dd5ddb656,0.03614395680965676
ck_f158d9e5f101bb35,0.024097063645955527
ck_cdd7c77823c2257f,0.02890797831910181
ck_6c7b41374f9b2e55,0.007644256097185918
ck_417090dbffb1a63c,0.014118093466142267
ck_dd0e17605f970319,0.01643288837508363
ck_3646515079e6be55,0.01978886700924172
ck_89c8b06aa8c84b2d,0.07560354097875749
ck_e4d6dedd97233c07,0.0096016617027121
ck_bc82fb1895fddde5,0.003999891864411478
ck_88a8b1d442ca3686,0.018064708486897726
ck_5791f8f76a629a4f,0.04547951527121153
ck_9cf5e88e97c8c7ea,0.011722174040915538
ck_58fd684aa5a6f289,0.0016954551433573317
ck_9800c21dfbd8e811,0.005023647593425513
ck_8ae64df60ab6ccda,0.022529754511944385
ck_e535fb0f0c00418d,0.060094156787457574
ck_48011996d54855ac,0.14545006410517672
ck_ac79c72a8fe3fdef,0.07185352852852082
ck_b8cc2df5192bc49b,0.048933377492734145
ck_e96a5e1f08f8a867,0.006034575752702955
ck_84df6770549e43fa,0.0038799993360014566
ck_e5f7b99ba6ec5767,0.017936707527208964
ck_8347455ab53ff620,0.005591535258914692
ck_a84f2cdf695a71d6,0.007070530986927228
ck_90456160115f9ef4,0.003588141132143722
ck_ebd178b3f3a9c50c,0.020122015635776164
ck_e1140be6157bacbe,0.0012133386641779518
ck_744ffc11d32b96bc,0.012054873834295711
ck_e12a9f7d027e3387,0.007871621058205954
ck_cbe525da0b69f18a,0.016294184333281975
ck_aa59702537557ff1,0.011462854635955432
ck_0348cc6908f7f3af,0.00208681110503743
ck_120e995d50956bee,0.02702049281897864
ck_9fcde1ff46cbbea5,0.0014727668734212445
ck_54b0b070689c50d6,0.0019714605003027124
ck_966a167758fddfd4,0.04487325085558118
ck_d5194f2e92fd6427,0.01054299915606215
ck_2ee84f3fa27f2cb8,0.004323852209417376
ck_57d0a7eb7eae2eaf,0.027360144900724165
ck_6a2c4edd82e10969,0.003464058940718182
ck_96e4d38ef670eaff,0.015219570976794697
ck_52cc2fd5095b169d,0.010542906834284039
ck_4b088920f3a844c1,0.059149433779755664
ck_8f3ccbd20d59f1f4,0.0027634343634528294
ck_e5e5dc431bed6f9d,0.00580965331119426
ck_e8b5bfa6838e28d1,0.038900784245451264
ck_4bfeb78b47b7c6a1,0.020988289814641573
ck_a705c61bd679496f,0.0045663163741942354
ck_731869a0c39cb2fe,0.020855055135416703
ck_259eb102342057ea,0.005448830110367416
ck_47a6005fabc33551,0.003058444226069639
ck_682262b455a9edd4,0.0036449927941583113
ck_e839d104854945f0,0.003878719806523839
ck_761989aa4c47d746,0.02877730163730383
ck_44211dc210139ed3,0.005473884343914407
ck_9915ceedf63a5289,0.054531504014101305
ck_da59ab47cb6284ad,0.0023917004128181252
ck_e5cdbfcca2456652,0.00280430142879431
ck_13f2560c6a1ec62f,0.007255263296905828
ck_a0543e9b3abe1001,0.1557024582645402
ck_11c7a58e09e6547b,0.07607355998133063
ck_69587a134d43a4ad,0.009879439929394256
ck_28dc0de0ae291f37,0.030027984206636847
ck_298922703c5bbe05,0.014233008935889371
ck_fa5ba9ed9ed6a343,0.01503579547499408
ck_c08e64d424e56c05,0.034307754178172695
ck_598e036a28262aeb,0.054269262706814037
ck_3f7c870510083a51,0.010823050306149109
ck_364f8203a3e98d36,0.8730727198214643
ck_7333cedb61506ead,0.014241992865295974
ck_1d96d7fd65f208b2,0.03319181834846942
ck_63133a79f23e2627,0.03175087135646789
ck_901d820e0b72abae,0.002024559777581995
ck_5dd80b3c01457bd8,0.014791868902187697
ck_c0b8067c144ed6c1,0.02381328389132051
ck_cebb8aa8c8f62c60,0.002536986108972889
ck_79749eca42ff1f5f,0.008949837351845505
ck_2cc1d9b587f6da31,0.5171548655444153
ck_ccc7916b56d42195,0.004616972187123654
ck_e43e53cc7b8b8e41,0.023085828350907743
ck_4ab74a6e7450416c,0.003367087649070136
ck_6e44024e9de301c6,0.0012253850639754695
ck_dd78cb6ae2866cc6,0.006600217633277446
ck_c363d3b050baf3b8,0.034915634005029686
ck_2d46291975f0dd08,0.003173542440553259
ck_76ebeb5aee42f041,0.0587328234441784
ck_8395f004cf4d4c08,0.006031673094236617
ck_de7259c3741db179,0.04527602497486802
ck_3938e92585df2b34,0.013665000640624996
ck_af69bfcf4f07d932,0.018362754035812737
ck_1723900ab9afe374,0.03126271710773602
ck_3d58628d1c853c8a,0.011219634453850005
ck_12a074db100481cf,0.1478373011850382
ck_8716cbf892c50e29,0.010976758784112533
ck_fbf7351958ad9615,0.0027901935377995417
ck_a50370907e6b397c,0.024596820058668284
ck_937402a60df0821c,0.001248763822573681
ck_8ce9c5807acbef48,0.007369858777431888
ck_acf7d65eaaa4c31c,0.0011828212248884795
ck_ec3eb6dd0967cac5,0.02541912920927682
ck_fc832b0c90c9bdb9,0.9690002240252285
ck_8129e81cde280131,0.004278976314987876
ck_52c0ef68aa2fb8cf,0.006790775624454369
ck_06f042e9b1b662fd,0.03950809789323726
ck_0bf35dcf7b38f650,0.003225782300406279
ck_615763afc2e17a7f,0.002141316499603505
ck_e72db9d4b2fc9997,0.9540515075108533
ck_13757bf0eeb353e2,0.01213601239372616
ck_abaf371ec8249c4a,0.04689614371285229
ck_9b7167da0920c37b,0.057627365050086254
ck_2e824b0b27494a17,0.033378340486102574
ck_9a0b605e9c3220c4,0.01021759687013177
ck_a5276af466b681de,0.004128277024462702
ck_9e0383e1fb6e214d,0.10727181944121186
ck_6a27c44b691dbfac,0.002453580684748754
ck_af39767cf583905b,0.01781255563877812
ck_243b1b9fdd3f9a74,0.0019182961602362673
ck_c0422e638a9c6046,0.030904192981632134
ck_e0f3ea3373dfc4aa,0.03997393055559808
ck_d56ee1654378ffc7,0.005606504383473952
ck_20cd2f5666719baa,0.0017873969584429792
ck_4dfa1c1e9b69fcc8,0.0037576210579602144
ck_5d22e9ca1d15180b,0.7067819860414419
ck_f4a7ac178fd55f0e,0.0022430541835603587
ck_fd5609bd23a1eaf8,0.0067904342744512305
ck_49c3bf13dc9471ce,0.023690393005954838
ck_724085c3452d4693,0.3154640500631749
ck_e5d1462846154a75,0.047546456059920694
ck_c69ef0f3e7d6acf9,0.11157546754499392
ck_a2d0417791d4132d,0.006002085169721921
ck_00a07fc2a9183c3a,0.0019742628607872263
ck_781b8288e54ba8f8,0.3132434841554837
ck_d74a62ab3804a81b,0.0034754298916013764
ck_abcbde211b6267f8,0.13316157364974454
ck_16dbafc035574654,0.002509183208167789
ck_018f780215ecaf38,0.009701904331178329
ck_0b259620eac51618,0.003673127344965942
ck_4f875342394c110f,0.044690761132213264
ck_399e45e5fe9beaee,0.005187269876377582
ck_36224a2d394ebfe4,0.07316166914633568
ck_c189b551bd111332,0.005340362586422482
ck_125c5a720ecb177a,0.10694404797053106
ck_76d010aa02eb477a,0.0008064750879109617
ck_1071d14c46c92379,0.2943750330911293
ck_61d244b2cde483af,0.01646381369862348
ck_2ff1860da2004c84,0.0012944995285258409
ck_c5b583490198672d,0.008420945185599589
ck_1294f7af22fade11,0.08636412074471796
ck_e3a22799716df39d,0.0052177877496601775
ck_c77e22834ef97005,0.3683140061061053
ck_73d3689728270a2b,0.0020275749592993746
ck_295565fbf77ef885,0.002132464715877794
ck_80c0a7f54ff4895d,0.005505589115803285
ck_f1ef5cf7f10b16c8,0.027056509315207658
ck_a958b2461ffc21a2,0.06795438223251361
ck_0e7899a57cd617d6,0.0022600887084957564
ck_9d4fed252718f58a,0.02617761548058669
ck_83c2c34add971d76,0.002357630495900122
ck_9ccc030ba2de9fb2,0.02020275727327229
ck_cd691e3466fb3742,0.0046505218190102
ck_49df70f908dfd069,0.02984754717078983
ck_362ce13eec1e33a0,0.0034962453843927176
ck_2452a30397dfc54c,0.013943474352640935
ck_a443d49c2b4863b0,0.006131483992065539
ck_c8b2e2cb349dd0ff,0.004899568819117454
ck_354909fecf5da8cf,0.031052982142643917
ck_841f598bbd54c83f,0.03243264807057208
ck_cd6fbd4e8724f994,0.060296072203435955
ck_e0b3158111370118,0.011540168222291267
ck_4c2f2eb657c2c60e,0.002761181092381168
ck_ef346071f0b7654b,0.004237152161029744
ck_f3bc10e3decefce4,0.004029194403966112
ck_189b6fbe9b9192e7,0.010326486117214425
ck_5245cbc5ff4d4fa6,0.032734171259718906
ck_cb42e3be6fe87f60,0.012793447996672359
ck_966d4d713cbc7792,0.002531433360468943
ck_1c8c969667cbaab2,0.8581171596804749
ck_d35e3aa9ef5d405e,0.08943092059895584
ck_a1c39df50a5873b3,0.02593947674312842
ck_a152165caf295b51,0.009637316655853798
ck_891eaedae139828e,0.009776257561240755
ck_1a46b56f4734d52e,0.011333739167135256
ck_5e36042cfad96c99,0.1951506516813461
ck_02a8582c2603e675,0.01761872160793221
ck_6def9d0429e4ed4b,0.007443817983440565
ck_e137400825a1e3e6,0.012962931698980024
ck_d91ab840848a54fc,0.003983205234606402
ck_becb6e1c608e0078,0.002211572184903995
ck_6fd8c86ac719d7eb,0.11043940986599388
ck_3ed4d13f12fd9d0e,0.013070075917855759
ck_007337aa99a4891e,0.0020126979909794902
ck_60c3d8306527a08d,0.004430164510122252
ck_95458880a54df0b1,0.8638482317719369
ck_b48cd8593533fc1d,0.6986687331588616
ck_021c6a4a7e3f1f0e,0.00291960789068653
ck_764d40f865e710af,0.008513212728247756
ck_4b84357ae8ec7777,0.008748797186651914
ck_3397c7856b4669a5,0.001394779946782213
ck_920bb003b42e6310,0.0026186562990823943
ck_8f59f11b512d5b7c,0.024573948606671676
ck_a3acf4b986afa98b,0.09187770203364234
ck_e89d25ed7bdeeaea,0.00766241106051695
ck_70e6bca473bf6902,0.008259992879318391
ck_186161ce152836f5,0.03215733619053671
ck_9191579254663f5d,0.009723546716687579
ck_1e6628879e9d653c,0.011179612847065572
ck_b498fa91a0776ff6,0.023428032945845736
ck_cfc2384f22954830,0.0334248367660715
ck_17673a1c2867888a,0.0018694235155166977
ck_523dce06515b072d,0.022777989887254244
ck_c20638a325ead2e4,0.002557547088636541
ck_d3877e1f907cc148,0.022848101230188135
ck_e9a2495dea8675e2,0.01749840118362985
ck_7e561caa5fa1f3f1,0.10302956768346512
ck_455672e652fe1abc,0.7531064574316089
ck_7f8f864fcc90ca82,0.024909409309848023
ck_1ad36046aaeb816c,0.008799950612946245
ck_de056e37c82e8e00,0.017279643867081345
ck_7484c214c889fe7f,0.027635293266230612
ck_32430e678c4f9f53,0.004410579289810685
ck_6276ece8f80ea799,0.028315020158049712
ck_ae8e5dc4b725bc25,0.009202444536825881
ck_f01be92dc78a2dc7,0.012864486418999494
ck_233397a8bd40d38d,0.00888999017521841
ck_f8124911450fdf31,0.6927544053075488
ck_aa0a3179f1111674,0.005086162560892513
ck_2366b29ed9887a5e,0.003807621544630354
ck_1f22f04dfc08cf27,0.004055692739293293
ck_b62276c3426d680c,0.020768013233913606
ck_d099fca88691f66f,0.030101731424037725
ck_166bd1dcbaf4d6fa,0.00146388140265403
ck_7b1660e942436e12,0.02573507784962301
ck_4a9a791a1d409a3d,0.02306652779046574
ck_b003e5b54df65db4,0.011771490056006167
ck_64b4dcbf436f0b75,0.007626872885899644
ck_26e9a7bb2061a58e,0.08272832224735188
ck_08b77ad5f8f73007,0.006492345347424733
ck_366616a725afc6bd,0.02441433188646487
ck_934fb5064b6eefe2,0.003120633213622306
ck_c6abd5d57b1009d2,0.0030593415579840584
ck_edcfa9e1cf29d813,0.02831141836133027
ck_c30201ebd003fdc7,0.007622246154183474
ck_c54643d94d3ce355,0.02104217909435914
ck_02adda6e91e49650,0.015363907395082031
ck_5b73d7c5255e58a3,0.11611556653697978
ck_129ffae92dc01408,0.001738298612185094
ck_fa321945ebedb916,0.0397511368203025
ck_8da980cb2e1e2bfb,0.0031019195316567536
ck_0576b00d728bdf19,0.016504101885547934
ck_c543d82e22b3c8a5,0.001963144207390619
ck_0027ba644f9ae2cd,0.17679141702882678
ck_8dbf61df902a6bbc,0.0010089415839469003
ck_90eeca1cda79fd41,0.0021004185278469785
ck_86d7127391d4e01f,0.0013173009773664952
ck_73762038c7ff2f6f,0.005336038515853303
ck_a1484e6215fac651,0.8596097473452693
ck_cb83b9f806e90dc6,0.10851962624894002
ck_8c6f059c95872126,0.001972063230488661
ck_3174419a81e7caf2,0.01330830320526595
ck_6a0f8f8fa4a3c2bc,0.021881449101936245
ck_b5777605668bfca1,0.0014082236077069443
ck_27e4de495abb4d15,0.014708507181563621
ck_7f6fa79c7a107161,0.009649356160355827
ck_c36ed9f8e6792ea4,0.013863763757344985
ck_67a1aa88d2ea554a,0.06844556574397018
ck_09748dfe4df3d540,0.0017862063485297583
ck_27fd85b1e38b675a,0.0014766443380568339
ck_2369689bd795ee10,0.005187374543304243
ck_4eb1c12f7d092bac,0.0028687532636618223
ck_01fbafc42c8e33f5,0.004112376561014203
ck_93c4e05699b3b7d0,0.01493427988244891
ck_afc484d1b6907983,0.012585284393914814
ck_1b2d9cae92a1aab1,0.023401770055787315
ck_73b729cb161487f2,0.016322306188339568
ck_fe3c1d0ac090d960,0.1661610670113241
ck_408efac1d3885ff8,0.045067102627091134
ck_ccb4dd9d0a48a76e,0.00672151791831457
ck_2987eab34ca7805d,0.03782376116904417
ck_1dbf1f15193197db,0.05751413484458792
ck_4ed711fe4053e74d,0.04005154097961817
ck_6c54adce174f45f4,0.005747604771978929
ck_a6c740041faf0bd5,0.008390720458105834
ck_b05c4d33c4f43639,0.058106726942951784
ck_032880f1114dd51c,0.02840857763647
ck_22311b037456a76e,0.0018549453324934202
ck_5866b413549765bf,0.004500186375894233
ck_0e808afe2570ecac,0.004228768795155725
ck_634276b05f4381f8,0.009669083588418663
ck_5d8773badd0d4740,0.014780932658761107
ck_82b5b79ce3517102,0.8230955072125239
ck_b378b8d8100ee4b1,0.007185125412462556
ck_54e581f71be5430d,0.00196729269814288
ck_798ba4b8aa544fea,0.006039463642269173
ck_3fe86b6331ff95e3,0.1183579139325852
ck_81275d9d4c559e6f,0.006615964071597584
ck_99a4e5ef02d89493,0.031273577537353846
ck_54e2eb018d947790,0.008016841475008949
ck_966901ea9c77cc02,0.005474280696149246
ck_27d69ff4e0cb428c,0.1584967804370393
ck_2cee2dd7bbfc09a0,0.8432742511451861
ck_4136b00924695ab4,0.0009449935987343218
ck_59a164c40c03a45f,0.04453123007294738
ck_3e24b026bc66789b,0.0017234124766067529
ck_8105bcf69a75ee47,0.006156093819935373
ck_7a1782cefe26a456,0.10331266489848652
ck_970c7dc195161272,0.0025550044300729946
ck_a48ec0c00ae20e82,0.03401650580772873
ck_54b374ade34e1dc1,0.004848877637968484
ck_74e5dec189761d14,0.005802724558816351
ck_4717f24f2c6f40e1,0.06968910689646783
ck_fc8cd8a8209e802d,0.01417678778295825
ck_71db4131d7efe218,0.004935618051265995
ck_45424ea6f0bc4650,0.28261960374014744
ck_3716c6181a5035bc,0.020270569761064536
ck_26de14b96bdad4f6,0.007278048602381458
ck_99c0a41ac9c73857,0.00307483075529432
ck_645f15bbbcff3b4f,0.9878343324382621
ck_b7e25ddd41514d4c,0.002922224256649677
ck_d5c14e877ca7b755,0.0038467318797473352
ck_05ea4440dac6cfad,0.03527197769806873
ck_c58bafff7b1955cc,0.019757016806130463
ck_f0cf85b67a9b840f,0.026138553260615486
ck_ce1500a7f0d03fba,0.004519315546273897
ck_d4972a775aadbbc8,0.00741778533104941
ck_3eb6146c262e0fc3,0.0014379813395571112
ck_afb23858a4ef42ed,0.9789294334542566
ck_2c1def5c91c52a5b,0.12409613343324423
ck_72e550559487b919,0.010706294769011486
ck_0284dc2b4f856b3a,0.5451524188545922
ck_03be334935e999a2,0.002543058726868019
ck_e35a4b4a3cb4cedf,0.006929921558814976
ck_5abe57dfff4b735c,0.0035444823478992553
ck_f5f87f772388efa0,0.013126879918349946
ck_5a22cb36d612236e,0.030887356333877878
ck_8ff1e6028e764472,0.879692445836062
ck_2ab28149b0986642,0.049978658448516185
ck_c88fc1bac79fa6d3,0.07584108673430194
ck_5b137d74bba6b1b4,0.002865035680060734
ck_11f362dca2dfaf5a,0.016619410087047454
ck_7f960541e5174565,0.002454444425842534
ck_d5458ba39ae94498,0.005301985273774127
ck_0a921a73a90c2e39,0.09143811581481891
ck_6ad56ef40086dbe4,0.014892821765304258
ck_b68199ecccf2350c,0.0020736638974835978
ck_6dac66c8198c07d8,0.006079732400579466
ck_9b9ce7bebc235fe8,0.002738083154450488
ck_6b817117d87063a8,0.023159885109745752
ck_900d62b3184378c7,0.0031246977593148897
ck_eafe9b89857149b5,0.011505246120875922
ck_e74716a525ee5b24,0.002974838538048292
ck_4e9a6f06ab134102,0.012743081327643145
ck_b0d33b5a3716661d,0.011985235498839897
ck_8703543bf3134306,0.014186442167969654
ck_923d6a0f83accef1,0.007003943971230617
ck_52e37e2170532e2a,0.14443950271440026
ck_c1c5ea839c58958a,0.06014181590873317
ck_660f0006780e87e7,0.006991294614190688
ck_830b2c5d1818ac07,0.01034806955776336
ck_b080ff636932d1f1,0.001742898716026129
ck_38730aace405f2ae,0.9889797885756481
ck_9790138467a06223,0.0016807092388333995
ck_10de0b0d86b17839,0.0015282229137722478
ck_c3e37a4d3382c32e,0.002260038228915831
ck_dd8edfefa1eba531,0.004543390721699667
ck_8153cdadd300d234,0.001409283344777361
ck_74d0e7c2c6b63d36,0.9365468072641525
ck_c478aae3031bb328,0.004814135247908695
ck_cf301f2194975866,0.006916417398730378
ck_f4de03f44e3a5bd5,0.008531297540749718
ck_b06ce826e593b210,0.07631223776643777
ck_2fc70b6baf6a0e26,0.004645777989731564
ck_d208494cf5c90047,0.031865882816231844
ck_086d29ccae565e5d,0.002453748292717603
ck_d5ef6dc116dee408,0.010188966371409515
ck_fdf0c5b722d83464,0.0076459670806819
ck_de8494b13adeffb5,0.002796097069543489
ck_556786868599143b,0.0178394484702711
ck_4940e78cbdcfecf3,0.013823563279669028
ck_d32fbbfe32c00416,0.00470012695889874
ck_bc7710f7e9fae649,0.002143397175762219
ck_416f7ac57da081a3,0.010813243336020252
ck_6fb39b60c67d5475,0.005264689089867295
ck_e40a156511345d6a,0.0021658904779464005
ck_49ab879b5aa7fccd,0.17725791159909007
ck_bb643194d1cbc47c,0.9820965365419505
ck_b3ce8f1bcedfa043,0.008950328186289451
ck_558ebde8c29132a4,0.010756234204027758
ck_e6222925762273b8,0.02985761282423007
ck_bd80546b4807dd59,0.00973216518291595
ck_bd21164bd2bbb635,0.009224032870467597
ck_ea835557d7043667,0.010588917060987638
ck_1411a80a157ff39c,0.009705906904230899
ck_ab973888c20c9120,0.05150066844195077
ck_95b48972061abe82,0.009952493589652011
ck_fc4a43f8876bf10f,0.31875876428166394
ck_f34fb7ccf82f41e5,0.013148540536279557
ck_5af9934a56801ac0,0.0050996471867755366
ck_fc7445ec76389a58,0.3756866533966593
ck_1eeacc26f02fbba4,0.04310211195130974
ck_4f325dd15c9bd45c,0.0349834539261346
ck_5009a6c8bbaf15ba,0.07718220618369864
ck_0f3de7f074bb33af,0.005154255572987682
ck_2cbc2f93a32eede8,0.050227510865369696
ck_4bb90a61c21a303b,0.012774415214337418
ck_3ade9eac7d7b0dbf,0.11467692774812062
ck_4859a58629622915,0.00811382563361571
ck_5fed957287ebca03,0.004173501213647183
ck_ec01ae5351500355,0.0040315377438240214
ck_703b41624ae6a5b6,0.002910860112625738
ck_97c38e7f61c27e47,0.01861044464285419
ck_db2c0908150cb2cc,0.015110135957581568
ck_64ac5e6fed86ab60,0.8688168513999343
ck_da1c853b0a061e83,0.03206367716419253
ck_9a36916b60178ded,0.7783596284338108
ck_3715bfa7fed2c675,0.004158234346127057
ck_dd3feb77d7d4f6d3,0.011025550073982178
ck_982ebb24174a4ade,0.011889568049678157
ck_f6b7a10d47dd9a1f,0.006160167041592426
ck_1f56fe99f250cdf4,0.04869971059794465
ck_deb3ac0606d6f6db,0.009974504864503294
ck_e666629e5a41b39b,0.00926994486067556
ck_756d2c13d02b3e09,0.010465314987184579
ck_7bc752ae7cf5d55f,0.02702547292697997
ck_fc0cc4b25e6a8194,0.005529399539566247
ck_9b2b0e286de78a1b,0.006894384206153341
ck_24b0803447211bf3,0.025286985831271938
ck_82eed68d05a42128,0.020667456930067246
ck_c8a03c516ed5b05c,0.10436862177541409
ck_e914974cee1bccb1,0.007891480057994654
ck_0c533ff2d0f9962a,0.015967141771583745
ck_c12805fa5d970a83,0.07172981313658429
ck_fc2cb29918631f10,0.17511523945537455
ck_c20e89afe575549b,0.002388203763849135
ck_e1ff9e31becc27ae,0.19271505184504414
ck_18116d0ac08f1996,0.9338490633008651
ck_885a83975cea5e64,0.0035925941786231807
ck_a0c3059a959ba5d1,0.017224531674695905
ck_75257ca7d7da2861,0.0241043549550456
ck_2210f7a0d13bdbef,0.046047229965214764
ck_9cbd9ecf8374f65f,0.011982045017283623
ck_18f67c00ba21fbde,0.004572715508272424
ck_2d28f14d3973d8fb,0.0012813426246493544
ck_8b3401b44aaae728,0.008923024008860926
ck_9d8e9ef37797d3af,0.6094860760095637
ck_9f50920c894f64e1,0.03308458686167291
ck_4737e0d56c6fa0a1,0.017326443071235185
ck_52c311f29ca3aca9,0.0008996375308893837
ck_6a4981bc721df37a,0.011868192196008327
ck_823539d936c55fc6,0.0022698803260373444
ck_df5aedb4118020bf,0.9309090770503583
ck_a911a066ff0f7b56,0.03734865111560642
ck_684609767df4a14b,0.06357163031524063
ck_f2350bf355dc919e,0.010228895161393138
ck_8452b6cf97c65a5e,0.0055931156823007255
ck_084cd84501012218,0.7267409367634158
ck_ace6b72e5bf3e93b,0.1655478178494182
ck_2afdd69094c955c5,0.024857528902847068
ck_fa7d5be26bf7b31c,0.09663417423711022
ck_4b041217690fca2f,0.03031354558600674
ck_9fb8e3d38cdf276d,0.8820148036856484
ck_c1ee56d65a42f59f,0.007513625764477385
ck_fdeaa1cd085691f0,0.021314558978789352
ck_5de33a7a87e9aa62,0.02792525812250644
ck_7476e7fe1ff45545,0.017111363826774837
ck_b0a947b498e47018,0.007509588172070725
ck_e3894ed88a7977e4,0.0022322440189060243
ck_c7e07ebfb0bc15f6,0.024137629283721297
ck_3a3daa8b376f2a18,0.00312962348979734
ck_87809324c2675b0a,0.015702441292513813
ck_7eb4f33260f1dcd4,0.009636927327993577
ck_ab9f0e08af030060,0.01024192695181147
ck_5b8fc4a76f340797,0.022669965643593512
ck_0e7bf10ef49aa818,0.022460994231112388
ck_a44462a3853ac67e,0.9789207113080749
ck_2d14bcd2e0fc043d,0.004762966726333759
ck_df1f2dba802296be,0.8885178063958198
ck_466a7316eaf149b1,0.006142289603836822
ck_50df50af592b0c06,0.02490031886285592
ck_5f9e34c849704b95,0.001811474651068537
ck_7836bf6def26aa87,0.011272706591737767
ck_ba175b1bd8efaabf,0.005081124263332301
ck_1a0aac7f7b94b1be,0.2954695833394028
ck_6768c4b2aa8ce586,0.011897533532133861
ck_eefcf0ed15897898,0.011618924036611016
ck_7a6cb27e390b6ceb,0.005522506377612001
ck_5275be4e1577c1c7,0.0026573972897433263
ck_6bc0e5b8c0b7d2bd,0.01977444299124729
ck_4874bdec79f9106c,0.01949106337310151
ck_a678731156ad7bd2,0.3386174221911327
ck_db906debc36a5d1e,0.0194030858134372
ck_e87897767c612942,0.01730442654880554
ck_45ed5ee496ef8a67,0.010613853396422917
ck_ae20e28f9854f3ee,0.028762418853990612
ck_9ee044b73943a90b,0.004503553158456742
ck_dab34cf6f0626c9b,0.016725079437157488
ck_64a02b7b96149810,0.006826387866112026
ck_c417d06f3e94685d,0.005679820116455493
ck_3e0149cdee4cb294,0.007902237402262603
ck_0e6046fc30f81705,0.009228648728710594
ck_c383aeabd53e9c89,0.017896883128304397
ck_2ef76f1f36e8b869,0.3988521569584357
ck_43948784650bb9ac,0.00904267811656207
ck_bdb966f43ac350ee,0.026679403022736324
ck_5bea0e0ee0b094cd,0.005918946763303294
ck_dff090f03ca5529e,0.003715452385266847
ck_a4691b57f837d88e,0.01885094764780837
ck_99ee90946395d74d,0.3828468661191136
ck_cc81dbc83a8879fd,0.010122785869361403
ck_f3dc0725621b3a35,0.003873742634396939
ck_1bb212d1288b9689,0.013577090381868159
ck_9e7278fc7679f002,0.023694546865807103
ck_3ded7a8720d7e311,0.0038616528270204236
ck_798157bcdb9453e1,0.0025874265369027543
ck_9fba80f56f357fe1,0.005494940146502092
ck_f1e1c8491f16f912,0.008068933496303658
ck_7b1319a5ca2f63c6,0.9591234982643704
ck_124432fd5c92af7e,0.6793930962072566
ck_148cb0c723284dc0,0.0042871149691075
ck_b56c62c950eda009,0.012937768212959482
ck_a0498755cd8d7188,0.0013822416918016383
ck_5379452a9d74efae,0.0015868930317535508
ck_6c2453229d608183,0.04221549188962134
ck_f9d8b4813a88c1e6,0.009188418692959385
ck_c2c7d1e45a521857,0.01864422095051663
ck_4364a83a11743888,0.006720106230535343
ck_2cdf5fd97ba75e06,0.06508911930233423
ck_71bc01291e0533a0,0.002655906588218352
ck_a725d7aed2a0bdc2,0.0033869792347299152
ck_a9b0c4dbd7db6a91,0.03252404190837603
ck_a4258806a533efa9,0.00973331402649185
ck_905e460591d9a278,0.03566513625484504
ck_20de8abfd8960ee3,0.011676194414122694
ck_252b0a0f1119b220,0.0012844427036120222
ck_95e4bef65c36af1a,0.001557182180144211
ck_5ab68b434ad53fea,0.00768652279172974
ck_13677a1957078827,0.0011789110621153896
ck_d251e9fa09e542dd,0.9858779224753648
ck_700cb620f300dd47,0.005593575254949101
ck_39a68c55a1bd3ace,0.2561508025745892
ck_61a59a7944d6c53e,0.28664079147828175
ck_db6d1c6d31da967a,0.004189824698749558
ck_650020c500b1b50d,0.00800370374701709
ck_d812eb6930192793,0.0016959196724852278
ck_92f6ebc11ebca89b,0.1871914606724826
ck_d87e26eb5bc84b01,0.0046165046788711386
ck_66439e697695224c,0.004504534023252251
ck_f21efd504faa654c,0.003523573298237738
ck_15eed0f5652f0352,0.006865614333192774
ck_bcdbf57d98dc0d27,0.032680113721123616
ck_873ceb8004d3a9f7,0.028077968416972444
ck_70bef9ddd4bab005,0.022077256978662477
ck_7560f1891d66f294,0.003279421613337794
ck_f439f16f8693883f,0.02544543357899016
ck_14f9535e53f9c7a6,0.07270867762611946
ck_5984be472d2bc267,0.10591159537732009
ck_ed01be7504dc4187,0.02910189590375669
ck_dc3d8b5c17b67ae9,0.007160892355420986
ck_9dc23031b6b494af,0.04527944038254898
ck_fbdac0221bc03f66,0.013243013413265968
ck_863708a99b92ef0d,0.009219512686385645
ck_22b52654776a1ea8,0.8587352939720128
ck_a0714f98001efa0c,0.013651991491828053
ck_9c56114f84e9a541,0.01207294163658843
ck_e155cf506b2fb699,0.0028386174468625737
ck_65ed7e72f24731e7,0.006047451418896217
ck_822d6e8e43befc72,0.5743834072594212
ck_b1182471d9ac6b26,0.0023670393214055008
ck_821446adc95e6da5,0.006681319191714382
ck_ff182f033134dbb8,0.01114408179168476
ck_9c5feef7647b0588,0.021481787372400057
ck_df935d8bdd44883e,0.007765064508798545
ck_01eb24c18ad11fca,0.05852630913395225
ck_00d6730134a1eb51,0.010012137979590063
ck_79ba8e85678d0224,0.003754030815663741
ck_97e3b04a1350f6e4,0.018407877181234045
ck_74e9747954a46eaa,0.020944171567492224
ck_397d5fcc9972f909,0.04373595562144986
ck_9ede89e8a43c3f53,0.014327644341508364
ck_303b33910d67f306,0.003971419455698554
ck_3c17841636f6f7dc,0.008711313806484738
ck_78730527f8ba1438,0.032415235742804124
ck_5ee32bc6bb5d1d4c,0.025018976971890122
ck_a13fee8cd925d0dc,0.004960278177295212
ck_6f847263379f2e43,0.020763367334337188
ck_9b9d9e579e7b55b2,0.04257677063885662
ck_87c1d0a79e79c84b,0.021064498909090647
ck_bfc453eabb472f91,0.006611573083550552
ck_978c21bb5fe3171e,0.08492048653038353
ck_dd882323474431d4,0.031074715953556504
ck_533c4f7400d5ab22,0.16997452159088633
ck_5f217bfe28954e75,0.9524279116746406
ck_ae96d35465b3b4bd,0.00635964136982896
ck_512ebe97c0af94dd,0.1667061856923967
ck_f558fe02bb0219b8,0.011722205984763104
ck_84092e23d5ef4d51,0.013855360810752646
ck_17d3022ca12eacd7,0.0053101652404271196
ck_8a8f81bf3558fd9c,0.006190075272429369
ck_0ada6fed1864e7c4,0.016596617287184093
ck_21fe7bc59dcd78fb,0.0046792818319886294
ck_e136e20c1c74fe38,0.006003271401373023
ck_e7a530e09d113dd7,0.11151297386097402
ck_7cb0c9ded4d63027,0.07204552496818269
ck_102db9615e722c9e,0.04027061586181956
ck_129e39ddfde92eeb,0.0022346812880269175
ck_d730ff21bfd7769d,0.00802997719657767
ck_54459b45d2be8459,0.005419922998977281
ck_7f1c20319eb60aa6,0.9909057322363362
ck_939fede90473e412,0.012508008943842935
ck_e0f9506a6d5f4a1a,0.0030538163995073695
ck_9a4967cdf49265cd,0.15554222759744563
ck_b9eaf03453ac7d5f,0.00414626418635928
ck_522477be6376b450,0.004466668187896226
ck_9b6282e3bad50710,0.009045676838647692
ck_a0e3a2facd508e49,0.04711195273010439
ck_97ffae702f7c3d08,0.0025565393570124058
ck_344a95cb7115ec67,0.006782203812398316
ck_1f2760764afa45e8,0.002507396568018288
ck_720cd658d11ea428,0.013752032266267204
ck_04e32ee9834c088d,0.9157376965156041
ck_2bb1389e5e72c8f4,0.05632102939687134
ck_961e7dbc217cfbbc,0.002710244886845719
ck_f3bce4eccfa6d6bb,0.003629750448855088
ck_e0ccfa0d689339be,0.010057916086829608
ck_98217aeafa0bfefd,0.025016949414406353
ck_a02aeec1914c158a,0.019055767219196086
ck_20a17e8f206a14c8,0.009014695252099036
ck_114c32aad4b6183f,0.0667069917500031
ck_79f5198f0decef20,0.0018485629493854151
ck_2209de229b4c71c5,0.022087845575896114
ck_6ee939b7f396975f,0.005796866408667916
ck_202f0c14b07ace01,0.04280194068885376
ck_fa24db9d416ab904,0.015435469293394925
ck_cf6aa24b92c4d33c,0.1520961426021273
ck_45f57fb8194cefc8,0.01421445124051576
ck_d5eb179dc45394c6,0.01955343389548752
ck_efb24be983342f75,0.02529144125303829
ck_245f5d62ead5ef28,0.013420194527640757
ck_15fe2a47fa7e92ea,0.002287366675512833
ck_b6527a85fd682554,0.016838881478316435
ck_11f9390a11ce9ff5,0.015717382559584082
ck_ffb4d892c5158201,0.0011842588352941408
ck_d4c1da5a1427fd6a,0.04870401781313477
ck_2c041b1efb1c5063,0.01842152987659076
ck_ecc18f40b33be769,0.14958352286988463
ck_0525349f3945375b,0.046453167470953814
ck_0bfe62e0c7eab9c9,0.021840658042344935
ck_b7c37d410b1646c2,0.01235927729845384
ck_4b15b0746318cf42,0.07514043001000016
ck_e5ee006ecd8ff661,0.03880251214839654
ck_ccc83cf66365357b,0.018782141937479152
ck_34a33ffe8339f66d,0.981618249259759
ck_4e39e3b165edab58,0.9448933845583098
ck_1a71f8081ae00190,0.9563374051948965
ck_ed8f1200fc049c40,0.8927937773460735
ck_8a5a57858e8c77f3,0.03013157940640961
ck_fff9fdc2adf5100b,0.947255343818463
ck_c76f1bf40f3b787b,0.003190715641120472
ck_1a6ddfeef82b1b1a,0.010242345248200056
ck_478d2667aa9896d9,0.0029071766213587024
ck_641c8e7694b21f3b,0.004941034558827974
ck_293581d879f6663b,0.7917965179740104
ck_1bfa8abdb22be8f0,0.015783888777004075
ck_05ab5b03d0bf9ce4,0.2528878454912554
ck_35694db37f0cde7a,0.0038618863294523236
ck_fe33eb743d714c03,0.010941813714210945
ck_abd10fbcbaf2b038,0.003292167212267119
ck_46d51648c1bf80e5,0.16747737667324447
ck_5c8390017fabfaef,0.02203645426858501
ck_87d55ca333f22072,0.0013175724510724417
ck_c39c6a1453e2b92c,0.0013257625253389417
ck_69ff1b0aa143a168,0.001284702018153878
ck_e57c79eaab35ded7,0.0023639958278635453
ck_463ae759e2b6ad1d,0.006754591395618307
ck_0dae4a7eb587f3ba,0.011955610939826656
ck_9b12fb56529ebc4e,0.004477908419393432
ck_1af547077ba2dd03,0.07669509666039864
ck_de13de941bebc7cf,0.0021121077930423464
ck_83dde7da2bf647ac,0.0013948525522008135
ck_c80a94d4660041fe,0.026533218017955364
ck_f39cfeb277ef6528,0.0011011193823302387
ck_1cec1ed1512a2d3d,0.0018457105578668861
ck_7955a359b6448799,0.0032180309957108716
ck_8c0955dad13c3ca1,0.006146456231652086
ck_6d4cd2de601a2308,0.005601610028245717
ck_f4536ba8dd2d551d,0.007882816919836168
ck_b379c198d6db2d62,0.009451863120094894
ck_76ea90ebc74bcdc7,0.024080742464308958
ck_734f06bd4aa92781,0.0351011409078467
ck_677e1d0c14cbf569,0.005834043306431663
ck_259271c70f3fbcbe,0.03228136324709846
ck_c0b744eb9e7d4eb7,0.017623521674022587
ck_3d41faeb96802f68,0.008499222813086935
ck_8f604fa70fc3c8e3,0.016201950577530086
ck_0b3c3bea0e0ed339,0.014538062491448352
ck_be5df076b8a86409,0.0030791642017314017
ck_6a475fe324d7d790,0.0225139704955521
ck_3ba3fa5387bacee8,0.0010630948257417104
ck_324b9939d9c1c31e,0.0041670690529177525
ck_a7fcf7b592f68ca1,0.05781739815959787
ck_5b2728f7cca414ae,0.0012066636653283442
ck_5f4a25ffd0b85a47,0.020574615803401895
ck_63d4f5076fe4406e,0.007021506575339966
ck_af528d66c86f0cb8,0.005616592078515489
ck_ac7cdb9b8da7b5dd,0.0155860534365924
ck_3bece63711407e25,0.04270767182104351
ck_d4e0b2a12fcfc35e,0.0052107201596365334
ck_ee3e7c9d3a9c74b4,0.07310141866855266
ck_50d7c4dab837bf66,0.014840142070427512
ck_ebcb93a2990fc914,0.030368935885428418
ck_2329cc9702cdf7a0,0.051636344387700345
ck_db1fa53d588bf99e,0.010254098922672355
ck_44e57a0bad5a0745,0.014231576141196193
ck_472c81a144f4631b,0.002411055633857893
ck_1658429acd5306ba,0.01144401949243557
ck_466103ec5bd9444b,0.017407613927558095
ck_9757163e25262b74,0.019482641196233358
ck_34ed59bc2c9b0186,0.004134706488143452
ck_b7bd3a7f263f4f29,0.0779558653857941
ck_149662b09d632e41,0.02769187925002052
ck_a9ffd6b3957bd41e,0.0024875527793067555
ck_ab80466ef615e85c,0.0022791061830766614
ck_f2c824d3473db24c,0.01439903619034107
ck_a4a01fd45936b078,0.06311838143778555
ck_8f6ce158c2902877,0.0025850530109735215
ck_5189a302cfa7cefd,0.002001178152605691
ck_430a3d03be588201,0.004193635260335877
ck_b5f9dd00914b4db4,0.013558221316922279
ck_52dec82e9cf6135a,0.002955089881373221
ck_95e444a01e2ab4a5,0.006684788932629151
ck_e37cee7b123692af,0.017295508813217265
ck_d68d42858a55adff,0.014365077489291242
ck_3abfc010091d679d,0.03209291253202702
ck_cee4e4e1b62bf82f,0.026895605262864202
ck_9ccb17c35e636c5e,0.00457711961607154
ck_f72a5a3b0d6c1177,0.0032088773891881268
ck_7508aa554fae6afb,0.3119091871909627
ck_003aa842b7ca1d77,0.6494480835559521
ck_83b2b192f41ee2bc,0.1020989446879474
ck_64796b6b2c3c7f06,0.03037491768469774
ck_6438ae81d43cb196,0.014645902470406083
ck_2bd73d9098504760,0.14315902834244193
ck_aa8b9b36a099e4c8,0.03644279218376876
ck_e5ece47d0dd10526,0.014772975698637072
ck_16077ac345472e6a,0.006405689226056859
ck_a4d6e152b0076964,0.011272004782519355
ck_d90b1d03ae151f62,0.022144398203542283
ck_18b36d342b530af4,0.020810685422998777
ck_2a01e610348b84f8,0.039939723468077726
ck_0a93ed76bf36c8b6,0.00930618034844977
ck_3d56b477fe2370b6,0.018366937822407524
ck_17ab3068fa303682,0.002444315632753135
ck_592a3520d841d11b,0.02610168367336993
ck_84d07028b5fca2f6,0.012752324360190456
ck_f4a2bb10afa85743,0.007845203124543381
ck_4fe4b072f03f2c1e,0.0029130035648542866
ck_9ad08fcc183ea1e7,0.002712273727790511
ck_130d3848b9dcdb05,0.008922267869858384
ck_bb399ed6bf28c230,0.007926926646175014
ck_a31a64a39a2c4941,0.0037549003163768278
ck_c49f25dfb39909cf,0.008656014574937542
ck_55f50a9ae2db8ff7,0.007155291632686638
ck_09faa4e771cf876b,0.0035426527094462425
ck_df520a7a6e405889,0.01406765840076428
ck_8c8c98cc694ac900,0.01872123039742725
ck_7f0c4f609673ef62,0.016319876966157765
ck_f51fe59cd445d2cb,0.009330960412569896
ck_b3fb83f0d772a831,0.02011939247703251
ck_d6e7e257751c299b,0.0016867496635689155
ck_0d362ddb4a1cb6d4,0.014466521664183994
ck_a574a08edaf81781,0.009244944493763188
ck_a823f5bcb0e4b9df,0.0025785580404825395
ck_f792586ad0381eac,0.04342854798452114
ck_54bfd70022c66983,0.007819220456176706
ck_fe0a9372c9372de9,0.005085176492438054
ck_5691cd6fdb6d8147,0.01365045697586724
ck_a95f212a02433d23,0.008220795879449308
ck_f5adad75e1c06731,0.03630412011198855
ck_e09c97520eb0533c,0.0028796855604397457
ck_a1e13c0d58560340,0.000986899316424628
ck_cacc2ca410cbe80b,0.009723129422906278
ck_c0dde2a6ef1e08c5,0.002564074502060366
ck_a04403073c90ce38,0.0013245107627322377
ck_03d3026107175dae,0.03595352490711759
ck_50176dae5b1b716d,0.004738552210350402
ck_6c084bfcb38e96c3,0.04229085169119133
ck_36d2be9012f7909e,0.0409809256467919
ck_958acf84c6137a22,0.0075874808956472506
ck_114722e12db90a73,0.008360298757386956
ck_203c2a22c0c165ac,0.009633858226997848
ck_2c44ca550e5cfa82,0.01620434137490687
ck_df0a8f20ab8f14f4,0.01338269424214321
ck_826a27ff7555192e,0.01611655651702809
ck_09a988ebcf062297,0.08382047107847812
ck_5c82444b3b9160ae,0.019777568451119713
ck_f6a4a7ed27fe76fc,0.060005015859805784
ck_17de46314b5c6a92,0.009543237645573485
ck_335e63101b1e6c4c,0.2511882680652005
ck_c5eefc0697451de9,0.026493292956784036
ck_49a0efb5d4067b6f,0.2845777920541779
ck_c1f4509c8f5dac5c,0.005449206501517425
ck_57658eda1c59bc52,0.003330535120677034
ck_0d5c0736ec76385a,0.001941138923153286
ck_e0239e6ae30795a7,0.010786765281335469
ck_e4459115cd8e5e4f,0.01153752821812943
ck_bb4aec09d4968dda,0.058945840243746696
ck_a1b4c96faed3e0db,0.01894813315676061
ck_8247b79ac67aae7d,0.02952073155332887
ck_fe2fc7d6e5d83f09,0.00786429191811108
ck_f6aea576cde8d592,0.0014025183232819422
ck_b7e7f7d0cd886412,0.015424589646120573
ck_ca7b993e8286af7f,0.13696575371785694
ck_47de038381a9cd65,0.0373867234458511
ck_d38f941d09eec820,0.058531221673766606
ck_d9ba2a6c0d926b4d,0.003914721605113712
ck_cda72f597330d0f3,0.005143505862046694
ck_16d2d27fadeeacf7,0.01399171734254584
ck_be05447853d423a9,0.002420319878987773
ck_cd92852d7376a4a8,0.0022031227716331194
ck_2faf7ecccc9fec58,0.002255658900638972
ck_db8733fd92f20cd7,0.014164495543780329
ck_a9989a3a94c26634,0.02900794695263862
ck_957fb25437c75e41,0.044002133613458866
ck_e6a6caf6e7de17c2,0.012987601521426397
ck_f7bc569b37e8bdda,0.017840297874933148
ck_703b375dd86a6124,0.009223635506076928
ck_d3cfb3603f2c6ca3,0.027545647792763438
ck_07cb2b6f2a4303e1,0.012417537017269399
ck_31631e2028d4f855,0.010327917063751753
ck_1631bab0ba1256db,0.04470551329290978
ck_5fdafeaec036f016,0.02756578068206121
ck_6eda4c36aecad602,0.005334668990943293
ck_bd1bf9e3e29de281,0.024511327214336295
ck_bf378ea558a4125f,0.48719834341112234
ck_7aa2deeda0e57412,0.9932870160436124
ck_d229cf7f5a3f38ca,0.014712662955969825
ck_9e109edd124492a5,0.005264876903072335
ck_779491819995625d,0.6250409103286569
ck_b89c6fa2ad0a12f5,0.02663283180177004
ck_1d01b4a609918c4e,0.8698778480616911
ck_714c5d7cb17bc9f2,0.015762923022164067
ck_269f1746f2609ed4,0.012811756389860629
ck_4be03a2aa62b93c7,0.0019851862501457634
ck_cf920313f6dd28fa,0.013247795694952134
ck_fb00aae4e17740c5,0.0045188396931797855
ck_085d8c42739e2b10,0.9888770471873121
ck_c72a7d0d03cf3e17,0.08475271621619354
ck_8f6ca5d3b17eac6e,0.0038033617580010217
ck_d9573100bbff4014,0.33725876173029223
ck_79d6793d1d0cf43c,0.002090667161215019
ck_91fa5032f7aff0f1,0.09463167598383448
ck_87110d84872c0fed,0.018115724200426394
ck_8220da627e9992a5,0.003865128608654448
ck_2ae44938847f3852,0.0060429726639764855
ck_b0f191e44f9b6f35,0.03746358457137399
ck_3049d744b527f4d0,0.010619645468519174
ck_47d3e8d1dd3fbcef,0.027060879806716256
ck_ddf787359d2b5deb,0.0014768447094518967
ck_b27a9e39726b26d9,0.0024094129063328296
ck_80c4e9274cf976b6,0.9791250375374566
ck_c6afa913168ce8fa,0.00486330906278619
ck_52427b3f8478db19,0.021619565843155802
ck_3b810f15ca0eaa55,0.007637353590658423
ck_0c9e420f97baaa06,0.6805243276639521
ck_f8540cf3a8b2f8c9,0.04233592298816327
ck_1402d24dd623df72,0.011261379737831728
ck_eb4f4267e24d042c,0.002108805652277961
ck_6f661b428d6fb8e4,0.024425030355846457
ck_519a26ecf3d29c90,0.0013050252789427446
ck_e886ba71d4a6fd73,0.010420868143625413
ck_437f9ecd2016a1a8,0.00487755776949164
ck_f01af1b0c977cc06,0.018962438845821602
ck_614f777c2eb5d537,0.0026885480956333964
ck_b804e784cde9af8b,0.009675881540025202
ck_c2dccbc1b24b137b,0.346675794396943
ck_1df4a1781a0f6999,0.02456422442286021
ck_bd2cdd53fca26171,0.00903482517281448
ck_424c254249a109f0,0.025955807938026806
ck_cf2ca4f286e289ba,0.03918064255636311
ck_6c33cb15b0d8af54,0.007084130570882995
ck_311d395fa9b8550a,0.010773268674900817
ck_9f792e7e721ff7f1,0.0017885485832027878
ck_4c37586080edb7fd,0.0019839270123055888
ck_7c4f42c5397113b0,0.010906951023190972
ck_fc418f53ce4aa579,0.8837705894741708
ck_1ba28fb7ef726ce2,0.0072306816785773715
ck_d932f98bf6b83956,0.08067723543753023
ck_248b3659a9239240,0.011409112880492824
ck_6a92cf5f4cf5de38,0.04458559232122836
ck_65519d0fb137e0c5,0.001830651006835009
ck_ddc3fc99eaba2064,0.02187412325072591
ck_7310cda3bc65a73f,0.003240931437707543
ck_c01c85bd631d4054,0.005591425156524683
ck_b4954d16b9749829,0.007757386404723718
ck_f301f6758e170d66,0.016755468245610913
ck_9bf95f8c47e7c7b4,0.01404339213465742
ck_c91b7fccf6aeb4a5,0.06678084358864107
ck_785fa45e86bc5e95,0.0053674082442620235
ck_2a65f1cc23f1180e,0.001785716030333063
ck_a49a2c1f881a3560,0.005356136838347051
ck_def344d68f06d749,0.021972083121790963
ck_abbd1465fc730d78,0.005647647305670618
ck_07a5610ed28162fb,0.012022632956837311
ck_7ecdee2d7127be8b,0.025415682166839492
ck_67858bc00e81490d,0.004018637852896196
ck_b4ad165ace910222,0.007007448727499652
ck_30753ffe481a1b8c,0.5522555993523788
ck_c401a26725b17177,0.0022225950355358147
ck_819988d8a7f26415,0.004723485356621957
ck_3364a1d9261b3638,0.008957382385708375
ck_c484c5bda389bf20,0.0020337701668415834
ck_ae416325fef92c9d,0.8294747764729057
ck_5517b9a865960542,0.010295230351152132
ck_a0e96fed380440b2,0.006582230862183818
ck_e83409471d2b0b44,0.011502137387742691
ck_127273af97d7827d,0.0067276936334197115
ck_aaa9861c91bd14dd,0.019285205165636046
ck_a378c58294001a36,0.8463223616221613
ck_abb9d65ff1f95b64,0.06683109575483731
ck_a5ecbefa849ae569,0.023660999765453824
ck_aa9953c0ca2bed7b,0.001256145358020083
ck_40bc6de252865f32,0.004883865211071037
ck_9fb11688dcfe1513,0.016844376768657004
ck_ba68841ca2ba073d,0.017395371339820286
ck_1d3e561a7d20be0a,0.9686189797371137
ck_99a92d710a29c1d0,0.004501303820762907
ck_ede2e887697ffac0,0.002482969387211039
ck_e6de67c0d82a7b83,0.04501771691016681
ck_6b38763bf5ddbcef,0.06607867067707297
ck_8dd44eead7d765a5,0.012617632718340177
ck_30bf5b0056eea9e9,0.12859819142856815
ck_2981d16f8a51a8ed,0.03391979704009637
ck_fc60f42c68c7024f,0.035597215420998085
ck_8e2b2251ee224aa4,0.018248367544986332
ck_1906f0dfaf6e9bad,0.5029313208717296
ck_dcbe6814fc4ca0b4,0.026034099413245824
ck_f7e958a286ae3b57,0.00391387082764696
ck_713649668a7ca824,0.04484767247375559
ck_6f73cdbf9305e2ea,0.026401508584548043
ck_dd1c490050cd9051,0.017083207835096637
ck_e30db36e376606f7,0.14045171845005622
ck_740d8fe8028b5a2e,0.005312829365129047
ck_ebbc9418cd41f692,0.003948613460722134
ck_7b3cc6cc3f250f39,0.03606788068488292
ck_1d30eef7110809e5,0.17391071421643653
ck_77e0589ab339ca66,0.0028865566280310536
ck_15ccbf8ff7d14086,0.009495363901736616
ck_246989b0c288664f,0.009803659988430868
ck_fc2a6e27b10b10e9,0.00311507741107581
ck_8afc1112c12f5402,0.00776128413679494
ck_a76e8d83b9141364,0.01039120023866142
ck_51d3e8dd7465c015,0.011672020302274346
ck_e7b4016909405981,0.002016533709029605
ck_e7a3cfb9bf908e80,0.02459304817530766
ck_2bb49dc2388cdc1e,0.00249960131161029
ck_94f4266ee7871345,0.012093636623679268
ck_b2c896beec146477,0.015114754945870933
ck_fcf5d4a4748cdd53,0.006844223036152477
ck_fd0483639811f62e,0.34664290512902046
ck_9a21d183524734aa,0.05484532424857764
ck_1df4b46c0a4c317d,0.029212896553153338
ck_638df9e8a22dfe0b,0.005162396260575853
ck_65acc43a6dc3e65d,0.0020902721896217066
ck_7c67b73196e3d0d9,0.005883300456398027
ck_b0ee3a98175b462d,0.0028177445310559155
ck_20fad010969f1abf,0.0019751023107667095
ck_54b087bd873af8b8,0.010002139499747823
ck_8007824431fa803b,0.006404316207068587
ck_23aab322810b9fec,0.010862371752128565
ck_c8001bdb9aafc8a6,0.006704304805282468
ck_3a34c3ac83cf84b3,0.0028678497462186455
ck_60187ac2c473a662,0.9609605472027101
ck_6a0ccd7357979f0f,0.036231209486311214
ck_27f20337bef5ffe0,0.01849449745174619
ck_f9fc468915afe49c,0.02713552495468329
ck_1eabc15a94bd9009,0.011573904330910953
ck_26896c494b2768ef,0.007455788153524257
ck_348c874eaf0354f4,0.05770670788427888
ck_be9c46acd216b45d,0.008010694752201921
ck_a3cce46d15cc20a2,0.02206155519710637
ck_70804f60d9704128,0.07740449239406025
ck_a019151ca8e7527a,0.017497553417235242
ck_571133b2aa8ead51,0.04260325666515225
ck_0afa4449f20d5196,0.008121345931839712
ck_4d503c41cf4e5034,0.012856953822587548
ck_d6fb9cc5171e3e9b,0.7438127044645098
ck_05ed92a7c3e10e5d,0.015408583965314037
ck_bfb067986660afe3,0.05550625613728321
ck_c1a31690c8573226,0.00514100282175569
ck_cb88ef3dc1f42225,0.007066744060681324
ck_21e3b3bd998745e5,0.036876997768983344
ck_cf52e46fa54e4540,0.0013725844244144424
ck_b72c7ac4208052ab,0.010008239247453251
ck_e6465c56b337e6c2,0.007531820433286072
ck_5f87eb05d18186c0,0.0353696253556559
ck_263f6c5ff26b5e98,0.0021543103484788716
ck_e0b7e2c0bbe228d9,0.005876630107890782
ck_b657ae3c146cb7bd,0.007277759215816694
ck_abac514d8167ea58,0.11406723508092902
ck_024dcab126876002,0.03256175211339095
ck_5d8481e2b38bd99d,0.016895330727664457
ck_edf229c17d25dac1,0.028458899209188836
ck_6cb7c97b72d6b5d3,0.006932546828937418
ck_c96ae2c28086a059,0.21571813057991945
ck_2f241b97c0f8389e,0.015584558225541452
ck_9158bdbb63ee8987,0.014958305641914043
ck_e7b40b60786c1530,0.014254716254496537
ck_66d38518f68e6194,0.0023124536374889045
ck_8c9b57ad2a991416,0.002089187710083979
ck_cc91bd7152d3e9ba,0.011655409423274874
ck_0d846660c7957a88,0.0034925340576206013
ck_60896cdac2212bea,0.047861972708725053
ck_dc4db8b932df49de,0.09133281676636967
ck_2dc31db181150e20,0.0034648990442725826
ck_2f138fce1171e277,0.013333184225571094
ck_68b8b859a6ef505b,0.03243115845297449
ck_c3fe0c6c5e1f40f6,0.0074190749844633905
ck_15886fe84866de92,0.0241273471613248
ck_ea269b35406473e8,0.0049566465786985165
ck_3ce7cad1f69b71d6,0.010493529812582992
ck_054ed4288ee58d6e,0.045241409461705955
ck_3d4913a86f207fee,0.05198460249945961
ck_23ff85f9d2355e8d,0.013719886189806959
ck_d87ab3261322216a,0.0031137230904453904
ck_fac046ce336fe39d,0.012209194328589506
ck_beb97e498e6cf8e8,0.03693621553343933
ck_1f517e0ebf397b51,0.003251344199624709
ck_0af57ebaa45877a1,0.00204326240198393
ck_f99bc1732ce5e999,0.027417321245244448
ck_abb056a9deab275a,0.02028504050145847
ck_0bfc394c5faa65cb,0.06589220224333023
ck_ddc865af1dd5670e,0.03491860090223074
ck_68b5542459638b56,0.03331810785473078
ck_0b1d84252c0b46c2,0.004145160411845203
ck_520ec32c4f253604,0.010474866420263079
ck_79ffcfee599d77c7,0.008311868366393704
ck_eb224c0fd146253f,0.05758912488003677
ck_0e477084434da450,0.01969806334127269
ck_07840bba5570785b,0.012629556714534144
ck_6b67fe8e310ab865,0.030319876101136827
ck_e2a1068c2fa22525,0.025319214943979623
ck_b9c6b32f6bd92a3c,0.003698368706699041
ck_c1e7d1021ae58f00,0.0022445260790802317
ck_5d7801201749ffde,0.036188387678440806
ck_c8806749e263f70b,0.0019570234277357973
ck_c9eeab826781dc91,0.0075640967560040625
ck_309a432c160a17b3,0.006767034170567463
ck_b22e3337b8e3dbb2,0.02319374436408383
ck_79c30169c71b8033,0.934142459213125
ck_5a6593d954085775,0.00202929572527635
ck_70b9b79ea1aacba8,0.011482527706909822
ck_63743141ffa11f45,0.010089865677287492
ck_dfd3dbd0d97a642b,0.01665358644438802
ck_635646a661f05b4a,0.022941229870793067
ck_4b123d6931b6d0d7,0.06342980358618017
ck_f2b0e7a47f442557,0.9121998293418582
ck_1b1df006b81d38ba,0.005694128864006805
ck_360237c1bd30f4bd,0.017293769788363174
ck_5e84bca0e362da20,0.02322031623542683
ck_142dba210ed2f3b5,0.05950784553169122
ck_a3564236069e3524,0.127845124564237
ck_cf36d8b070ded782,0.009309945230087052
ck_ddd6625c5eddad70,0.001207329230076627
ck_ad54292a0b2f44ef,0.04381223498991228
ck_45cd5ef6b359e9b4,0.007024495352789407
ck_982c2392238b7be3,0.680032659551089
ck_083e4ac78685c3bb,0.0219744628667004
ck_729cc0b46cc2e546,0.15406672184374243
ck_f2b8995fe5402759,0.01569765511921402
ck_73e24f5a8da289b3,0.041019190461513505
ck_bd85f30c36f5998d,0.031053165676761228
ck_ee4ff3aeadf912c1,0.003475941063017873
ck_63d2978706e193d2,0.02197721221495144
ck_6a0684436a1e66c3,0.18882478179898107
ck_182dc4a2f5a366da,0.0016831557680455707
ck_e6fecb82fc2a82de,0.009257860544421972
ck_cfb06f07394dfe64,0.0007617390079197972
ck_7bbe1dc8add17ef0,0.014161663658343135
ck_5cacad76e02c8e3d,0.9457131630118806
ck_ca68dec0c7df5a12,0.008486359216857193
ck_e4c0fc52c82065d3,0.007854894214274925
ck_f9197b070416f443,0.004516883814640323
ck_2a07c7021b71cf65,0.015913109191960213
ck_4fa85cebf707de2c,0.0020019042330440616
ck_0063d2a9507467e5,0.011038028571617836
ck_ec986285fff05b7d,0.0026720367173868973
ck_279d43303708109b,0.009287005002222754
ck_a406bf11e48cf8c5,0.06062536306903374
ck_064b2aa3f0bfdb6e,0.012409981540569975
ck_95790440bc4bd2d0,0.00981350897353506
ck_70066eea13b4c34f,0.004583204203900924
ck_19468fe07e26f992,0.9338058508331701
ck_86bfe328e0a533b9,0.8584853878328793
ck_ace3b96c977a7560,0.13333533591477334
ck_642344e5c652d8df,0.022566874355989457
ck_074be35c951ae10a,0.04814396618457836
ck_f14dce41036486a3,0.9868483620500625
ck_5cf67a3a747e684d,0.07323307384474631
ck_f7285b92648c1c81,0.002102383377540164
ck_bef3193f124fca5c,0.11623891305917727
ck_05c4dcbb45de1f8d,0.0027627863572805655
ck_d7c28eaa05bb7144,0.021686565186031823
ck_320df984791a1b99,0.004562210347110639
ck_f45bad1606fa00a7,0.008663835498718728
ck_6f81c199e986d9fc,0.01184072620581372
ck_d0c9633fed57c344,0.007281422057993314
ck_a3c25d6cc7478068,0.00954375183531967
ck_4185506d12cf9fa0,0.0011550803816448487
ck_7a02ee1bfba7353b,0.04021233435251719
ck_1b52590757c0fbeb,0.012446072025038066
ck_a0e5656e1cf9cbf5,0.003978667621426092
ck_ace21f6daef94f6e,0.003220161895078688
ck_646d8d0834782d6a,0.1731095690669972
ck_1f136a4476b5e775,0.009464335662713062
ck_325c7643cce02da3,0.013847240221955685
ck_9b5e7fe28208f5d1,0.008862468868013774
ck_05d81b1a150f31c5,0.001730750836717867
ck_0e9ec486bff403c5,0.009035359387575423
ck_ee13c091bc379188,0.009862866819450103
ck_f7a7f8f5903617c5,0.018217201273485674
ck_96c3a3517153390e,0.014193162617536706
ck_538dad7f096458ad,0.006669223195248104
ck_8758fc6622bbb7df,0.03358349899880379
ck_f7e53af3c91fec64,0.01525419764246487
ck_80b50fad7f255e1d,0.004003659932224263
ck_9645e7adc08631b5,0.011573761240291473
ck_e007aedbf37d6ec7,0.015984390215722635
ck_2951d76c41de2569,0.0320409870050882
ck_9439bff87e616d4a,0.003745378696164331
ck_a73045e96af0e4fe,0.03514621256631261
ck_7b382e533e2e925a,0.02964125314666488
ck_730226c2d216cacc,0.002956771390060818
ck_bdf837d761a7cec2,0.12195242956681826
ck_0b34197335ba3341,0.015876117143756956
ck_49170c4b31a20f5c,0.0028141970067114565
ck_cd553ba6589d8bfd,0.013505741202321883
ck_56b992c6f136fa5e,0.0212882231875507
ck_8beae3d7328fa41a,0.049415490019422297
ck_1a065ea906ae3d6a,0.0022187542611012906
ck_e9e3381d5e0e5051,0.00378067274294004
ck_a6d4f998dadc90c2,0.947084464050817
ck_d36733da917115a6,0.05159068294369211
ck_e738e920bbd74a7d,0.017933546903521787
ck_af65eb885a51048d,0.0011641028394048707
ck_73f4eb09af29b1c0,0.0324747098053476
ck_8fc641b1750a2542,0.07384322911776661
ck_41b954c7a948c060,0.0032565626330394366
ck_25fc3010e8a0f6d7,0.003774138073724981
ck_a2624e0387974e0e,0.16368933351472748
ck_5cb9d7b2329d5ab6,0.06704636721177579
ck_6c83aa1d100a7cd8,0.054931336386763764
ck_67025c64588abd1e,0.0024411800185853106
ck_f5dde68f6f0468e1,0.0025208654331289465
ck_46bfb2cfc29a6d2e,0.005589219120214605
ck_49dddb894d33f6db,0.05704624826666715
ck_f738b633b8862d18,0.003443466232915528
ck_3d6c3c00d854f5a4,0.3024355758161979
ck_cdb8061d8d1a6c5f,0.004593230272587345
ck_5e1b81848718bdc3,0.011930637211402879
ck_8def763034187436,0.006714581408663112
ck_8f8e4fb9c6190272,0.00479737804635093
ck_368b968b5f33431e,0.0020628659775010273
ck_ba7e347251ea399b,0.05398277410980397
ck_9075432001a64e75,0.009573404978836058
ck_73c5371635aca173,0.7946735378049626
ck_81793387b38047cc,0.007595890611129313
ck_0cf220816e320ac5,0.004146014155086101
ck_820219bb9c761b52,0.18009669322180685
ck_70a932ab39d86a24,0.0011981228192741635
ck_2c4be237a7ed79c7,0.002716205985842744
ck_acc764b49ef02826,0.8375489017663255
ck_74c3c3452e4e7cce,0.003992523184017649
ck_34dfb57e5bf31d2f,0.01940804860648692
ck_6ec39903f765956d,0.015116258667983681
ck_5986119e7d81e831,0.01081250818973667
ck_2ddfc948b8eac752,0.4272966180858655
ck_921ff5ceaf40a968,0.036221174884369
ck_fb3b68b4424b5f92,0.027420871538244393
ck_c3db1b3ad4f16679,0.011354882670140034
ck_124a197be41687f5,0.017044041494474922
ck_c58d9151834f5bad,0.010341210272134216
ck_389607982eb6b701,0.7723643446021474
ck_fb0c138c003e933a,0.0028129760949337093
ck_50d0bb7edd8c69c0,0.037272502489074
ck_c6cb651149dc9a8a,0.0013586998131118195
ck_81e21354e477eceb,0.03648923721410715
ck_7696e38b3e4197b0,0.014226694280470636
ck_586001d3ed9e7fbc,0.0024196120006034303
ck_bba413492dc46f2a,0.019360921828980006
ck_95b894380ad2702a,0.06536342043093213
ck_277621473369614f,0.989952967307734
ck_a50621b5eeca84b4,0.0017049171191506516
ck_bfa7ba218b988cde,0.10663964616855334
ck_5ea89567dfe78e4b,0.04956812056405027
ck_6c679602a6476ab2,0.006407744907165901
ck_d3885e286b3b11d2,0.045739330493136304
ck_cdcf6671b37c9c92,0.016394005846880014
ck_b5c93e6d34f8d366,0.0033789790252768156
ck_c24f61925dc158d5,0.05438094707906508
ck_cd09375e6c81d2c4,0.010954094872857048
ck_a95afc7a00303a26,0.013144085569299375
ck_8e89ca8b39f3f8ad,0.0030342029832738275
ck_9a84b396aada3fa8,0.032998905138075636
ck_5124a2e415384945,0.059368265992979584
ck_d66bb1f063357f99,0.0029918552719169177
ck_0fd9312411b0ac55,0.0070171479055886705
ck_ad8cbe6e27e47ede,0.02699027811397071
ck_8398adeaf41f9cae,0.008747848217147868
ck_dcf851e7bb5855d0,0.004385342812134817
ck_9affb0f26776b642,0.0033472419582813643
ck_f0424b3b36bdbef0,0.055078944893036455
ck_66746d1090d6d9e9,0.0016372878215486029
ck_e5f8c8a5824db594,0.005216000071161736
ck_3e91dcc209431984,0.0062077486418738595
ck_126a82e8d42e5ce6,0.004452722148734075
ck_38e4a74ab256e2eb,0.012547835043772004
ck_1225a97fc413a419,0.027008923880595746
ck_9b5ec0f78e160e65,0.0017529163823595132
ck_7c5529bcc079600b,0.013249681686504072
ck_29640fc2fe81c251,0.3695413814149677
ck_160e9ba0a3f7c1fd,0.002036028122936056
ck_bff090cb4ab76b9f,0.0060068638071323725
ck_aa06ed358e43db69,0.07128846630455733
ck_7264486eb512d84a,0.005547641441339927
ck_f5a32e6160b28379,0.00309992819975096
ck_4ba8bec14c2217e1,0.017484938925166088
ck_610815786d729d2f,0.0046259399465137735
ck_e267999226b6321b,0.0008374833894576242
ck_f3996a3c8eea1ea0,0.007810947681077051
ck_e9b75ed7567a3f23,0.023319974974235255
ck_d21612d48bb4f7b8,0.01311657813719145
ck_1f871df76c6a995b,0.06678654547983995
ck_953bd5de48ccd70f,0.8136994933163332
ck_02a9104419a6dbaf,0.0036410855020898463
ck_1eeeee651e05d535,0.04444498926707217
ck_e2ab04136a442a98,0.002974070744643999
ck_f0d806624ef3d359,0.01526823556433916
ck_4b68b38c1b3326a3,0.021991177431358096
ck_74e60495f8861156,0.031723109639542606
ck_398f3f4cf05c721b,0.005334952328528968
ck_f761b7650a0c1a85,0.0057661093634103905
ck_7dadef33f5e2d94f,0.9760845025719563
ck_6ff6883633b8c7ba,0.0015344057031152886
ck_4d2159603045109e,0.011012498405544996
ck_a38bd07a5fac5c9a,0.004231761126906893
ck_f517f06551e69507,0.0030950184947076283
ck_a7ea00a1760ad561,0.9715118482307774
ck_31fc51d5a3dfe16a,0.007584886109228546
ck_bac5233623b25ca4,0.007259187436248586
ck_385188ab27784fe3,0.09322291677456325
ck_9947a323bab5cacd,0.10495855342645341
ck_7973edc9f22ee7b6,0.09078624915335787
ck_f97c477986043755,0.0026314201054656833
ck_1a3fd2cc4b4de196,0.0033557223259479303
ck_e18ac29ea62cb435,0.036347049521695166
ck_9720a472a3e0140c,0.003241700783989279
ck_668c7fc7d7e47c0e,0.0205506662043404
ck_214af0806470ef48,0.011628292541337014
ck_a46c1773f01f0be7,0.015901306084676457
ck_f2bdcfb4203ffdee,0.013625346135477653
ck_40e84e6ffe788a4c,0.007764302949631582
ck_dfc6f5712d8d6678,0.07840821851783387
ck_01ef1036b2e66a4b,0.00751660111158078
ck_3acfec10eec32f9c,0.01369815766362777
ck_084a85145c15ed77,0.0029744188919657473
ck_fcdb4fe2f095fba1,0.05794320967166447
ck_023908db0a193076,0.07686473328444915
ck_fec0ff92fd622253,0.00987220631464465
ck_c009c97d5fafbced,0.0863702733036599
ck_eb9f0c06ee017ee5,0.02013835618188894
ck_d7792b429620fc24,0.009081471293552195
ck_5e9e149a3b69c726,0.024996139983923006
ck_ce927322ef8f651c,0.014343825129207838
ck_b8fd61a8e82bce32,0.9736783066393542
ck_9aafc33fba1474cb,0.006103407805050887
ck_ce81ff9b8b35562f,0.009482943151872848
ck_25bfca1d8eaa152d,0.015306912521514966
ck_170c65860e2a7e23,0.002072051517609832
ck_952da7ca9f33decb,0.013367972805767533
ck_1ebd574406235957,0.011433420354550273
ck_589109a188adc2c1,0.002488824669315617
ck_f0cbd5383bb07778,0.035322402922889885
ck_242521e261148fba,0.007537317870143434
ck_509cece86a558de4,0.0035503950566370553
ck_0dd7c5925d28755c,0.005924333016456142
ck_a7e669cf1c3985aa,0.015539243598696519
ck_acb84dc2351eeb76,0.0018027961288882993
ck_b837c7dac2a9b931,0.030824808183210983
ck_18eb1f9181f95df4,0.008930030373338642
ck_b0b9047dddb1ec84,0.7018183377981213
ck_43aa136bdb0a2832,0.11729272073747715
ck_3e47f8c56c811700,0.016630562121506248
ck_77c587d24695ea15,0.026240873846950764
ck_20578ac693ea4e93,0.01668338677234468
ck_b9f6040eebd1605f,0.06418371160058989
ck_ca9d86f65cfdf018,0.009922265356684123
ck_a4fa8833995c716a,0.0023833152791811157
ck_f589f1e29301b5fd,0.01604794375005702
ck_961ddb8ff55d868e,0.005003259909195717
ck_5662492a54e6688b,0.04200495397363393
ck_ad48826c1c26eb78,0.7454378302285034
ck_621c9ddde6bf2eca,0.01613312958684514
ck_417a3500b2c717b3,0.055080886046359426
ck_c7e129058beb3ac1,0.01841016454069855
ck_ec1c902b9b9b9c5f,0.49630106101990956
ck_317360ec0a67d27e,0.06880322525718054
ck_3e3ea5d8c4a229dc,0.07350821874699143
ck_d11d27de7bf0b973,0.36417727242371123
ck_d37d56e931105db0,0.0041365710397820235
ck_4863077723cd6ce1,0.0015916423104394184
ck_479a065d5903e9c3,0.005920909498255577
ck_e66ae4fd586fedea,0.007550612360744293
ck_192bbfd0d5720134,0.0018655044339684823
ck_3b436cb29af99f3d,0.014401850580044324
ck_7c7ca54969eed187,0.01862244409711447
ck_826ee896c9f1144d,0.09141524775529579
ck_ba1f6dd43fc8a0b1,0.005887023482249555
ck_49685deb63e4e8f8,0.01857870557621427
ck_687ab5d5554bfa79,0.01758263281710116
ck_41346ccd9242cc8f,0.0038413285195682857
ck_8f8e5e2b9dfec3d1,0.04277450786266841
ck_94d5ce61a0c50465,0.01018402060180914
ck_6b954c75aad8c012,0.013397182959830592
ck_748af92828c9d288,0.004957049466286063
ck_dddd14091ce812c2,0.021968561140779906
ck_723323f6870fab59,0.16418061747827714
ck_dbdf8d0708cc6718,0.007318046031733045
ck_f04938570a154de3,0.02025834870146744
ck_58afa1550b3b5294,0.01249116366387631
ck_3b150afde386ecff,0.0202747507292215
ck_666b95e75d99ec4e,0.9019146732233342
ck_e00332597cf1eb24,0.03921544285707378
ck_9a9e3dac79280d7f,0.040689985756822616
ck_e8d37262e859d9a1,0.01815710346214269
ck_895bb39d24bc1c4c,0.00410036538249366
ck_b367449195e36499,0.010259432836725004
ck_d23f9a50d1135ce1,0.18604330388991153
ck_670dc4910cf476c2,0.0010702649763911433
ck_3ecd8a5ce65e21ca,0.003466995702534024
ck_8584fea2df4c6317,0.03019535616118604
ck_0789ff4562202b20,0.018775852286589303
ck_749e0e50c3907be8,0.004935193416362358
ck_c3ff6790cc6d7e34,0.005683552960587446
ck_75fb7e56432ee4b2,0.014594183624917868
ck_529fc3170fd11abd,0.055022085911137636
ck_34a69b3b4a681796,0.41925023287884255
ck_255f0e5888ae9e23,0.019539068005907864
ck_65be698386474170,0.001737058016716507
ck_5eec9ed855c26000,0.009451707143819618
ck_5ab39bdc9610f6f3,0.7140907124217412
ck_1b5b75762f033462,0.00828725974140249
ck_d3e208671cf37f91,0.9143415829024276
ck_5068ee554ceff971,0.022442729252329957
ck_d7d50fb57fcb2d0e,0.0017635145838492466
ck_ba6e1115fceaa067,0.022160476026349164
ck_d07bfb16a4a7dac0,0.8111610573683922
ck_ead68310311690c8,0.5732932452707635
ck_ee53ce862bc9c111,0.04528150989017716
ck_97e56e6037024dff,0.0019982919377823922
ck_80b04344c98ec072,0.06118862818117233
ck_5954f45a2ab45f43,0.02010727312307985
ck_18ddf7e836256e3b,0.017278649820450312
ck_89a1a780144d808b,0.02258493109853495
ck_a7331e8b808c39aa,0.031232720168709614
ck_a1fd0ad03ff9b776,0.02624833218267748
ck_c0cf50eef030b401,0.0013471854970695857
ck_074f20921189e7d6,0.004909605467575945
ck_e2aa7be60794593d,0.09475980169795988
ck_72771757dfb7f7a8,0.019343270468023747
ck_a9cd84a6dddfe584,0.024390985961340917
ck_142c00f9f8557504,0.019340360829561174
ck_221b5d40358230f4,0.007409306452265734
ck_a2d7a563f520b7ea,0.015037682920367557
ck_66cd34bc568d95e0,0.0801757173504552
ck_a17128972d3e507d,0.010946705474203866
ck_bda299466bb2136e,0.030875253874838214
ck_2b699066665abe8a,0.013141782678200363
ck_0ac9848bd4ba0c14,0.0025779522083378644
ck_98d2f9a6ba3a3077,0.7485839202074006
ck_a872df31b28a5f7f,0.078241204470721
ck_7e73e1d44ce82ed9,0.01037780377932955
ck_1a415416f620d49d,0.0033294726667127727
ck_c95c786d2f8b8edc,0.006718838173788591
ck_e45012f22b7f91d5,0.0069494893220756766
ck_aa0b083e2a6813eb,0.07322997448158543
ck_4666232ddbf77756,0.007193592918723922
ck_e08e9c8ec5f23d8b,0.011335486589099244
ck_31d4c0518e5f52c6,0.00206900902762666
ck_c1ab40638f04cb02,0.012998678405192796
ck_4c1fdd1669c7cf51,0.0012399190689374381
ck_11662cc7940ffc82,0.07715034637110112
ck_2e679af24adedac8,0.003002089827133869
ck_454b9e21b7f25a4c,0.0025688791305250244
ck_355c4f29089731e8,0.8523212790968238
ck_507e40760a24d2d5,0.01229726941829892
ck_0943e0f305078e34,0.9747425624824566
ck_abc54ed7111e9ed1,0.0017244912815139826
ck_a60fe02fc04407a9,0.06413240784805203
ck_244b897bb4d57c1f,0.005908524650803439
ck_8c84fcde93a04334,0.10714663139175007
ck_9eea37d2de633b27,0.002815309638795837
ck_b2cb9e6610eca967,0.0075231998896596475
ck_09aadb4c41b166f1,0.13550142191435863
ck_8d94fbb4828ef326,0.002646584753239331
ck_089e3a07abbe3b8f,0.00443880252659224
ck_dfee9de05e3971cf,0.0066276741193273345
ck_6abf8302ce052451,0.08383716176786073
ck_6ffa90143838a4a2,0.0026324791513306035
ck_325caeab5c7a9c3a,0.015378951259023263
ck_1964ee9db929a173,0.6893110210782265
ck_942b95988a6245a6,0.10774113062159012
ck_913ecdeeb8e21a9c,0.014930852320147084
ck_ecf9794349eb4b3b,0.05121094494451744
ck_b6cb8d6ae828eed1,0.026993622866715253
ck_2f82ea66c4f53b33,0.0857156094404313
ck_6e676daa4855b58f,0.07914217843725001
ck_2a37fef48b44e9c8,0.017947561082154374
ck_3bd12d468fdc2450,0.009799679306615697
ck_1a28b6a40a6bd3b4,0.026302049097750656
ck_61b79dec96d15713,0.0012007656189191604
ck_31d5e3daced93d3c,0.005041884853372961
ck_e6c8611c0cf233d7,0.0026667483344431577
ck_f04761b4a937ac3b,0.005321072182515045
ck_38c1c75cf055031b,0.01712438063462616
ck_59a561f3df01441a,0.014388242784708892
ck_04e40f556a5062ef,0.003916366883538537
ck_8409716d174635b6,0.01734264142180763
ck_3019afee83342701,0.02015610295801381
ck_b51a58e7f032c9a8,0.06685016960346973
ck_5043e474f848346d,0.03434103996641509
ck_4388abce33ecd01b,0.7491475652048211
ck_c93def7392f0aff5,0.14889930948608315
ck_72e7b1acc19df820,0.0052153849741806745
ck_f253130dc3ca5b3c,0.012720823975528033
ck_eb264d1b180d4b4c,0.13610330176913982
ck_c2504f5a113433ee,0.003673347542866932
ck_c16ab1e4dafb4910,0.2579765643324021
ck_4bc42878fa180991,0.030320926906514736
ck_1c771a7c78f6622c,0.02875046320352689
ck_d523f0e50a2747ad,0.003369687382626002
ck_9060f4e7ab7a1b0c,0.009400681497407902
ck_6b55ec4e87a5e22c,0.11578912330085384
ck_55fc62a5f89a7251,0.022733949950792212
ck_bd2545c62f258231,0.03277194498899057
ck_1ccdc69d0bb712b4,0.009896429004577307
ck_710f867a3bd5898c,0.002256924314340737
ck_f91d48c40337d375,0.0018525056388648512
ck_f76d929541ed41dd,0.028931139715027258
ck_e26a6659c237b650,0.01439613475179937
ck_184983177b73dea5,0.014800073656698573
ck_6d0d081bfa8a0022,0.03441999896026046
ck_2f6e64f638da0f97,0.0034908795290498236
ck_15b93103ccd38609,0.013362314266693492
ck_094d10439b7b4eac,0.0033255374232810065
ck_d2ca47180a926ba2,0.030514833568616236
ck_a69ca7b9d70972bb,0.006286708664936976
ck_68914e67343a7d32,0.013320141791784364
ck_8176616132458c0f,0.01035558017442918
ck_eee99af3598311b8,0.05414333040795486
ck_94410eedfca91304,0.03258403978737155
ck_cfb11a0a2325bff5,0.0064962089888778215
ck_75217ee144b715f8,0.04745350306404089
ck_d56fc799542299b8,0.0020341071158682155
ck_4c352dd3e7c81269,0.03747971578183156
ck_e23e50e02cb3904d,0.036035916991810774
ck_b921af37d500e139,0.00921799762055087
ck_82181b935360dcbc,0.9716023198030055
ck_22a7cf3b99c5e5fd,0.008627521930352485
ck_f67ee7910d532216,0.008408684584796398
ck_5f48762a14a0326f,0.002309859206045872
ck_1757fcb0e6e3f88e,0.1224199656194804
ck_2c2f080ba185016e,0.03937251645693545
ck_4c25570eb72711b8,0.0029592138751392666
ck_a3be871ca22ac416,0.014949034898286204
ck_ab70961e7c6695b2,0.006898556985321974
ck_a1cdebfc42a52448,0.0015168864315721166
ck_f1b80b821a20186d,0.025907333927540976
ck_ae668e4564cd2aa1,0.00469361791783651
ck_0e2bc3a5afa439d8,0.06894565858092432
ck_3dc378f37d0b74b8,0.01588813379846558
ck_9f9555197480d1cd,0.002293872738865338
ck_bf4e7d48770a4a8b,0.05237706015881157
ck_614ef655f0685060,0.08454868068039298
ck_04d2ea38ee27770f,0.0022382439605161237
ck_e03a9d8ac94161d5,0.0037303523429618258
ck_d4007b5b26d9d854,0.0019266114111916434
ck_2dd147ce6d61749f,0.04464485704472715
ck_ff45764ea7d6619f,0.016144928325765587
ck_dbc487cb0a6c18da,0.7199142973406188
ck_791d5392bbd80447,0.008852425751043481
ck_b4068439c413b150,0.07484856682721645
ck_85df7b7de9700aba,0.004655196488104272
ck_001e42551cd06e40,0.011056660117909824
ck_a6c02ae50932cd9d,0.007653227403457199
ck_9fd0be2c018ff5e4,0.0046648110774285415
ck_32a495128395fde5,0.0022419834661918546
ck_b6f2a2fd232c141b,0.01232327580480135
ck_28dde633692904b0,0.10822727165261659
ck_a1a93c5f375f6021,0.002629061039375706
ck_e3982142336782df,0.05926086832458316
ck_a9812ff3c111ea94,0.03729628530020548
ck_f04062216f95fa00,0.008162896523782562
ck_7c560467daca735f,0.001014668384405055
ck_76ee10d6e2dba70f,0.01934000933232692
ck_3521243bdac61178,0.013964584144914955
ck_28588fb03b320520,0.030075635162311043
ck_580dcec33ec232b8,0.006492544284858719
ck_7109923fd7dab20a,0.009349029796889488
ck_7c872c99481c1e9e,0.00446058124055223
ck_46f4e1f5026f4d1b,0.0009538145481950035
ck_00d1ebc31ec4653c,0.0020007466306863416
ck_aac70764dde15168,0.03431339293606342
ck_648c03f9aa4e45f1,0.017652610011250923
ck_5478eb69ef912785,0.1118420343675469
ck_79b8523137bb2603,0.1072065912377482
ck_795c49f312640019,0.0010939951383719389
ck_89184bf7b7fe41cd,0.32666522050916547
ck_97d4bd922996fa10,0.005123360667097591
ck_1cef30d08f3a598d,0.0014421652663664441
ck_2f9fd36a4a40a6a8,0.003175362384465161
ck_40780fc0f8d6f309,0.06095314879157205
ck_9083ca9fec2a7f4c,0.028214165914508964
ck_62081bc35aa59931,0.01085673464407759
ck_2e1b46c5fc56b863,0.14889811767405536
ck_3d139692c51b604a,0.08340457482712445
ck_b5e54e22e3d6960a,0.005258646919634959
ck_c0c4be3f44311b04,0.004332935333094097
ck_82a8bdd2692c2a5e,0.001276207063772003
ck_bdd2da300b530c5a,0.00962224799850056
ck_ee40498cd97183d3,0.018278572371973473
ck_70b9274473bd6dfe,0.008260321361858593
ck_473d6314ea614b29,0.004869819399969293
ck_7443d6dca8cd1352,0.0031438622833175984
ck_3b49768b448b071e,0.01820130000716005
ck_b43f04431c267dea,0.0018778723710384734
ck_4424a5223ba2fe00,0.011196079840496722
ck_819bf3e8231f4081,0.0402641640148879
ck_91d417507a8c58cb,0.37154963250678547
ck_e88e86b19cada4aa,0.008037552194987804
ck_59684167f9c6bf4c,0.13487109188448604
ck_d5f5b0dc97b9dc27,0.014326508322300405
ck_13d1b192bbff8f32,0.005783687087301285
ck_b21d8630387cabce,0.009928154452817466
ck_e4ac22046699b99f,0.004120991683018737
ck_74b848064f2ff45d,0.007140402084144079
ck_166aa980cc87fa77,0.02840666849126207
ck_98e337806104dd88,0.0011967251068605723
ck_66eb09be007f0755,0.005586311223776301
ck_3ec9b9d8dd7be11c,0.020517511166889334
ck_8b8b9de339d75d0b,0.016769694861167212
ck_6715139e240007d9,0.0039993100303365794
ck_a0255ab46e122d2f,0.00201546218034102
ck_66e81a4190c33510,0.00514868969241978
ck_5d75ea4f5c9080bc,0.5474249434929247
ck_df69858b8a8b3165,0.011877422116652174
ck_e15252ebd7553422,0.005384259700999509
ck_34d6d74bb3ed11e5,0.0029087662726477396
ck_c2608f78f6851d10,0.6994802378134606
ck_bb99071e8f58c8a4,0.5015437445309299
ck_06010f0df5b7cef8,0.05694162294618434
ck_8c582eb0f6c0148c,0.01555904503114714
ck_0034d010d28aea78,0.0223849757081618
ck_01c1f06692566ca1,0.022575565233264688
ck_4807726e797fb893,0.009913795530326664
ck_edc9668282e3c8cb,0.03101790813778218
ck_5486768475af7bb5,0.8692625948412446
ck_3fb9813849e51837,0.006237477386184835
ck_861af5a9a9a6d619,0.0039327326182511755
ck_da39653add0f1109,0.003178842141406139
ck_74a4244eb1f162e4,0.0012867351712283295
ck_9a930faade55b8ea,0.005108303384868526
ck_fb6e06ca88519dcd,0.014368602633849932
ck_9776cd8263a9f415,0.004743902193715364
ck_b3dd1198ac5aea73,0.027684170876654354
ck_b6675a04df1a4276,0.0026220516470887457
ck_5c7ad6e731b69333,0.5266824394998204
ck_28dc0fdbaec00580,0.11089836606801476
ck_8e7a32f7e3905f4e,0.008322201991158002
ck_8563fed6674afc77,0.008191410354753565
ck_9a2fcccb82da663e,0.007745257290343658
ck_6a519bdac0d94527,0.006893905116999552
ck_a0dab7aa9c4a39a9,0.0031505498283503964
ck_a3ce05e9e5e32142,0.006753920410545642
ck_7a7e40ee3f97c035,0.02064381063896811
ck_9e9a830785112a73,0.03209706766756111
ck_ab1bb02f6b189304,0.2526386980611752
ck_7b8cb0f90fbdc8c6,0.009299075606571353
ck_b138fc249e659e60,0.010713217309508194
ck_e73caa3771ec5e0f,0.0044313197367048755
ck_18a55b06ccccd88b,0.02844620989879771
ck_fdcb1d9265d8fec1,0.08314662311154593
ck_e21a900556b382ad,0.028844624036044694
ck_c6bf67470f526771,0.015746908031053733
ck_b568ba3837afb39a,0.0009389120067787172
ck_a2858979dd5645ef,0.006153051203445361
ck_1da9d40837ebaa57,0.008689797610275668
ck_9341c7959543c542,0.0019034676913403201
ck_c8ad86806b9a2369,0.0354848688865895
ck_5c85d93ecfed4b0e,0.0014738808050312716
ck_f07b09879d697b82,0.003992211564924998
ck_fe43da07608b1749,0.006144497245145047
ck_4bca22b5926b9c28,0.0038938563315409893
ck_aba573aa942b1d41,0.004120581990766261
ck_57c14e32fa4683bf,0.0017339646927754544
ck_891530b489ce402b,0.008651175773721672
ck_5e74fdadb93ff293,0.0896411081105122
ck_14436a409ebcc90f,0.008077544799355865
ck_00013fdfa0bd37dd,0.0069908960060298215
ck_7dbe24ba01316775,0.02643913371486542
ck_0e3f80c1553c591b,0.010299001273079379
ck_3edc45db58760d76,0.02246714040967034
ck_29076a13f539187a,0.5790229599048397
ck_b1e81b58b9a545ce,0.06567563048928714
ck_3f8571d4f7420b2a,0.03554912904599175
ck_7dff6abe4bd644dd,0.45655738758549647
ck_2884bab237af16b7,0.03159056433441622
ck_231e6dd1fe708000,0.0044936231754671915
ck_33ecaa7b892e73df,0.004623051811713982
ck_b109ec4c63503030,0.009833879218364174
ck_a7f522382509cef1,0.002747316002465337
ck_748b3ea941d8b3b9,0.004137554003041455
ck_29f3a1737a2d9634,0.01196613385262003
ck_cee8d42475a0f020,0.0035481947370437205
ck_c6b6ebe145a8ffab,0.002860294410598806
ck_21c99e1d6b881894,0.0013783030428259127
ck_5ad798286384484e,0.018313083528724287
ck_b621b6ffcc7f4848,0.0014250330372672579
ck_ea819e337233475c,0.10188200888548483
ck_9e3896c2668ce06b,0.03977541854594344
ck_501dcf1ead036d2b,0.007085580126261843
ck_8d5eda29a2cffa3c,0.005683259442633044
ck_4d3aa36ff83f1132,0.5327024695205125
ck_8e9faf94e3e6c757,0.0020176279082037463
ck_ce0ec41f96951048,0.012680834647632425
ck_f09165d73ee903b1,0.010806319737014854
ck_a432b1bf1d3b3d5e,0.048574030401414225
ck_ea618f720ff0b4b0,0.004770508453705963
ck_7584e7bd755cb28a,0.007502565565024871
ck_e14681aad43e1a72,0.05082869884356276
ck_5e18870d8e30e379,0.01452122978160443
ck_ff7c26a62bda8089,0.0016039939403922159
ck_cc5a35175d381d5a,0.006635851811199351
ck_3c25029e40aa8a84,0.009024729478784837
ck_771247b5bc16c12a,0.006938593009781991
ck_664b5e02759f985a,0.008533509261994763
ck_692a9e8f504b9762,0.0014286285108308133
ck_df8ad2deb0a4ffed,0.02804732977595108
ck_eb48c0bcd12ea654,0.04019795956717835
ck_7c77e597c951cdad,0.01234161425641954
ck_4f75144c6f3b13ad,0.01298997066500062
ck_1bcff399166d7c43,0.007807257520655004
ck_975c2aa3d4a8c51a,0.009458684256296165
ck_bc6f07b06aaa4ce3,0.07635443867512845
ck_80b072b7f3c7e8e5,0.006101137906263634
ck_471e4018a23b4e56,0.005739521217999933
ck_53cddfba570b4a3b,0.017010130668372727
ck_630530e50764f229,0.037551813439070506
ck_dcef7887a4f1e435,0.034163046288622
ck_2795921a055643f6,0.004942382380127185
ck_7456df89f3792235,0.0024838014956727506
ck_5014a3b07e1f049f,0.5209991964716194
ck_d4ec44760cbe03f4,0.009769327333445267
ck_96810ad39d4cb7b0,0.02773624827934989
ck_3222ea25aa29bfa6,0.0014936628341597046
ck_f6c42001b84a10cb,0.19004676166701362
ck_5ac86682385c86b8,0.018294243210727014
ck_4280c33af57eb4f4,0.0012303477108808502
ck_05f79ddd8eefaa56,0.011107524588644882
ck_3a57a13ce032a6fe,0.013824683308751869
ck_a721f0d635fad68a,0.005054153923562328
ck_a3f821bdf408c326,0.004206210582298
ck_0ada63008be5685a,0.009688304120670071
ck_8c949bdc6e8720fa,0.08674414150168766
ck_c0d2c56f9c722e99,0.9872742394543436
ck_5d2b9e6e087b8dfc,0.9861416919571125
ck_5217b55593a332ca,0.090237680404933
ck_7a7bb9be5a7e48ad,0.021378511678703926
ck_24cd0d779e866287,0.004252195469716054
ck_7367917891a63771,0.034093301499178635
ck_4b31a8862a857e6e,0.9391427502716609
ck_81429c4910ca46cd,0.009542420366645406
ck_b35d803568f82d9a,0.020532077224657764
ck_4b00e75c2d2d0522,0.0023289882001344747
ck_77fced07f6dff42b,0.018871708683637443
ck_3c9a06eb07c300e4,0.0013226104161790115
ck_b3867f7f494db64c,0.002116046284544271
ck_0c45e54897ab34e2,0.039776890410319475
ck_507a6a580ab55c76,0.008760472670792463
ck_291bffc7809f896a,0.003379308532309625
ck_3753cc5b9d02e2fd,0.007596216008868311
ck_4f63d5245b3ac1dd,0.0121163252925148
ck_9dfb2ae78659240a,0.022773522982861075
ck_90f6f5ced708aa75,0.0019455006700196946
ck_8b5b5a6b5539e39b,0.9584738545449878
ck_4719112b55d20161,0.01499290398910652
ck_fec888a7108ca52d,0.9789688878144642
ck_4f5d022c99f118b7,0.024024396514788295
ck_e967ff05514b697b,0.056958981407710996
ck_839ce35819bfa4fc,0.0021177407855876127
ck_bdee1221b9addff8,0.007439330481307475
ck_9cde4036d0914427,0.01687821583636524
ck_5ac959cbcc5e98f3,0.0017898377379574637
ck_619842688294dabc,0.009017751389879938
ck_7373d7b04c7799bd,0.022749169569063518
ck_c1dd3feb9a0b6471,0.009266347322972355
ck_0324a4812ec319c6,0.004837232243106934
ck_7f3685aa2933b251,0.07114736168482547
ck_06aee5a62a67a84c,0.14416517328094147
ck_3428910b44b9d08f,0.0198665921264502
ck_c3ba7534cefc1de8,0.01675384841023943
ck_1f1273a67cbad5e5,0.5929130510655368
ck_124565a11b2f8bb8,0.010567814862162883
ck_38e46bc861e0165b,0.013310146764260497
ck_c8ad3f01319c065e,0.08651273661453215
ck_3f94a34f5038f7c1,0.9357160104479582
ck_cee56be5a502fbd1,0.21938158853394463
ck_2b90b76cf4d162f9,0.019557094779556757
ck_884b2e463ff1d54f,0.0023567918384123747
ck_fab4f2f8531b4827,0.016405564574424623
ck_4fc6256e0e60a926,0.006100940776272535
ck_0a2f8b2f8a5b6f02,0.006731247901610483
ck_9c0deab8a8367c5e,0.0011850433485905336
ck_d3a2a4c011fa2554,0.007908261175521972
ck_4108b4038f762817,0.18573447076493801
ck_4df036e2aa7e1056,0.008486624002750546
ck_ec094eb1cbb3efc5,0.0023416936669787827
ck_09f8f51bfd2492c6,0.009631673659924091
ck_b60fb9a10d6f4489,0.047137358751255846
ck_3638bc3388dbc1bc,0.09195739650323871
ck_7a58e0cc9943c39a,0.0031118641628838173
ck_37dab6a0a536ed49,0.02958879597891928
ck_adc576690df5b33b,0.025277389490545032
ck_1383b2b1875000f2,0.014747329475145
ck_43c1248db37a2eb0,0.0071447566132721565
ck_29c11bd68858e923,0.0013614869876472655
ck_9401f9e11f65337d,0.03232828817825431
ck_ce5ed372b1a2ed6b,0.022433836618927477
ck_08b4619490e751a8,0.6131024965316975
ck_44b9125526acb05d,0.02109505048201961
ck_ef1a1de20d2124cb,0.03609379570089065
ck_e5e2624b7fc89774,0.012128489166517922
ck_f5100511609b92c0,0.0020837362048170293
ck_64f3bb17101b7c42,0.007981753998195514
ck_ea1e5b5128ecba2c,0.00200944478135554
ck_516163fcf04d5e77,0.014863324778287147
ck_7f9a748110d70005,0.013773791414279769
ck_d263b55f0a681cce,0.0411646147540503
ck_0e962eacf98a813e,0.0036489065187212347
ck_0406931800e0e2e6,0.009843251539359199
ck_0e9b982afc88a3a9,0.994965337553157
ck_8bbb625384edebd7,0.0013593878968603116
ck_5eaeb87bf6207406,0.9632268404300705
ck_cc3318839c4b0745,0.007081178852309165
ck_08a0355d1f1890ef,0.02696469671272294
ck_af7ffd1a822460d3,0.35854624779944666
ck_2a09c7aa870edb6b,0.001936205209199137
ck_bc04f51c23290bcc,0.007392591560151516
ck_d3a8333cb389f4c6,0.011194711980397745
ck_88e3dd3039508332,0.02156469673839198
ck_b8c7771de9b57705,0.003911240450522488
ck_585ababa02383b50,0.007465685244772307
ck_e988c108754cee9c,0.011686950690291855
ck_4a691892d9d6cf89,0.01176721359173843
ck_7cdce37d895eefb8,0.007181375003387484
ck_483fb981a1fb4317,0.003573217042228464
ck_c1e5182bd99e0e35,0.050550090697308765
ck_9a1e3ec9a1839939,0.023301333730971617
ck_5c3f13de0dbd5086,0.0051465719351382385
ck_f4f6f0caaab70040,0.0022142548576347745
ck_791be3378dd7d64c,0.011072200270017814
ck_956dd784525f5886,0.015421854485268126
ck_098167eaf124c279,0.03026973185208746
ck_33ecff7914349ebc,0.010363349106301059
ck_e05d44e46c7174e6,0.019519412309304818
ck_1b2ce474fa6582b4,0.041536045994921625
ck_ab581082e8f72e3d,0.012700637577796138
ck_e63256667aa19070,0.026141433044431322
ck_f568772b6cb3febe,0.009124553674260372
ck_dd89a282375bbab6,0.0643527254948885
ck_a39d0bca345b492d,0.00529519847946551
ck_d12d2924d0f7a64a,0.012170225138677139
ck_6a548da1728b5823,0.9657829759267292
ck_6d64193681d2a94f,0.040035187558799985
ck_ced6b6dcdc7c201a,0.005691125500169585
ck_d1b0699d26282871,0.04552656645550673
ck_58f757e40a9b8877,0.01864092407829394
ck_3272c2c4a37d5220,0.825943447823525
ck_d94dfde9e03c9d1a,0.014744323256262248
ck_08a6d4903a7fbaca,0.012677479126951571
ck_6c72a36b05fa0f4c,0.09354965952614072
ck_dbb4bd4eda97255d,0.009893543400525317
ck_94b59bbc824b307a,0.004505860636985966
ck_0229a07185f15469,0.01181703947674582
ck_11bf1039f8b3025b,0.009158916692468922
ck_36789ca11459131e,0.05600251228676551
ck_8572c5f5c1447c62,0.019100371067753058
ck_9e75c6641939f4fc,0.021548036169813586
ck_b45e47c39d4dc7bf,0.011320211348763168
ck_02903c48b6cfd65d,0.007185050577582031
ck_b153386f1729de81,0.003307748959197505
ck_36979996f33498f7,0.33802672354242885
ck_3c02d4dbbf6716b6,0.005210161040663826
ck_66c9a19963957531,0.038550121180169795
ck_bae8dae7cfd8baba,0.0015070263241532091
ck_bba0ccc6cd968680,0.08259192126068138
ck_3267fe3aac05c71e,0.0022754623646882507
ck_40052cac10562cde,0.011859815475233921
ck_d973444855403e2a,0.011054465091343562
ck_012519bb095ad36b,0.9880355452628822
ck_ad7c256ea10c4a00,0.09416423747795015
ck_70a60e095e9b706f,0.0032413125077814073
ck_f2734417c0db4ee3,0.0028833100694397036
ck_9cb89cc3178e0172,0.008389497961571008
ck_779cc0f2de4d5488,0.1484553732298372
ck_35f8656bf93e3b3d,0.015676400728446168
ck_bdd8eba728800e29,0.012231519547736137
ck_002cf760d173f0f8,0.01239071798508768
ck_b046067c6ca3831e,0.007429167250428154
ck_a4a42d4bff8af645,0.012911033152457492
ck_bce253d2396681a1,0.009768066052363467
ck_00dafc060c8de32a,0.015662872851782604
ck_968a99e097ee78c9,0.06593898756339306
ck_66949171b387bb93,0.06716564076704777
ck_ad305286702b1958,0.002236186184100907
ck_4732da7e0d2dfc7c,0.0068874944274060846
ck_17a95bba77217d85,0.034387333475653634
ck_3e2516a3e35067e0,0.006522637644191776
ck_0b615ed566da1f58,0.017163425829740397
ck_d2b3ce1ebabe9f93,0.017103892561056787
ck_a892252e4e0c2828,0.011482446724757284
ck_cf606fd6ebfdf9bc,0.009521581777630125
ck_718865237134ebe8,0.0017753506799867511
ck_878522cb775b904c,0.04443113661872098
ck_9ed53de6ef779ae0,0.0038318538630033186
ck_3f16e2cd7e6874cc,0.08978571012760013
ck_3c59df37895ead2d,0.031144948079309235
ck_6821459b626d492c,0.0045321964537866815
ck_11c7667920541587,0.0036925940227509413
ck_23a016cf6b98d89c,0.04948862999438555
ck_7137eeb394d200f1,0.14420765711022943
ck_9c4886c5c90ddbdc,0.003529726434720065
ck_1422a7bf7756294d,0.9172176759948351
ck_7ebc5fa7f0d3b8f2,0.009629699749377489
ck_fcc2059a8d5c41fa,0.19551480449753447
ck_00ff7389d6a83e29,0.09653343824868785
ck_03129b41457795d2,0.015592048196377455
ck_38ba64efa7c38250,0.025141679062212954
ck_57a6b56b09bff24e,0.006538720012879958
ck_e3b3c5a80a567418,0.0016033774715744885
ck_fc40a16adfced018,0.0042605463757539154
ck_9d4b5e6b43bad4d8,0.0028748979005619557
ck_61129937ee466b49,0.01816050813267229
ck_74112e47b8629c2a,0.13524671234813815
ck_b4703ee97f94d7fb,0.002120700369662133
ck_e560f720a988d8a2,0.6474459800431361
ck_708fea345f68037e,0.00341117690807188
ck_25394c1b83e0b803,0.02505389717685904
ck_17ab24fe914ae44b,0.0031557575127064705
ck_16c501470d9bb006,0.003045028385691339
ck_628f449e248c19b7,0.03221300814862754
ck_6d64190623dea714,0.007717860978265292
ck_504a45ee08db72b6,0.004049276221293956
ck_6cbb011e0c70bc7c,0.004667403456509769
ck_b3225a98acd04f83,0.010262180209408955
ck_aa37993f1c17cd1e,0.02891098755827308
ck_558cfe5f77a55a9d,0.00622276560509206
ck_0d0a1a021efea5b6,0.03385141302247873
ck_daf7aea023b7a8f6,0.029262362308414495
ck_d75f25184ece2b51,0.02724925736553959
ck_466d4b5366c50b98,0.002423978545298549
ck_88f27ab479063852,0.018282765007226306
ck_66779098e78c1760,0.0016350604706570336
ck_b150fe4efb449b05,0.002654608771139745
ck_9c3aa9f23d01fa1c,0.0024612253426327373
ck_6a01c375fc26705a,0.0014972882118432485
ck_002eb6552b504ea1,0.013844849374970308
ck_affa5aa0bff9bb0c,0.017792765866510147
ck_027614eeba8b1a4b,0.011840312614584252
ck_67e075c982add719,0.02284371213904952
ck_399b0d510be98bd2,0.010024844721286966
ck_e9b0bca7368555ef,0.003930145894633362
ck_59c29d9c57b4f994,0.002441062912049218
ck_37176850ed68831e,0.004606764234620921
ck_a0db4ccca08030c3,0.8970338774260415
ck_aa188e5c25f7f42a,0.038328213907531446
ck_7de6997178207800,0.001963316742832043
ck_c729d19053387be9,0.0243799845093984
ck_f2d3e3d90608596d,0.3047719174500625
ck_2db3fb565e0211ee,0.0028839026553528933
ck_bed8a480e27e911e,0.02152571542817083
ck_d7ad9921a4d25926,0.01822998327556597
ck_2a59f23fc5194699,0.06197788727564976
ck_63601a58a6120d8a,0.0379219253348509
ck_efd7b9e22c6317d6,0.007139044157849083
ck_9ab42875a0f95b43,0.03896269862687954
ck_85cb5033fca7c846,0.08006473656908018
ck_5249b223000915ec,0.009809910204996282
ck_3efb0e9bf25612c7,0.005451363790397332
ck_678e74532ac19700,0.010119451052537877
ck_a980b296c95153f9,0.01961395093682831
ck_01ac687ce0d696a7,0.014915882590014473
ck_52e1418cf1aa9871,0.00974831448265025
ck_7d28da4f1dab09ee,0.05429428917417589
ck_010d0c2e6c1657fd,0.024911014410767773
ck_b524f7a2e752b9d0,0.006775923873817315
ck_cc447fcc24a0772b,0.025842195573306637
ck_2cb3c99845e572da,0.003198817784185613
ck_604c710141327a81,0.012720546935355776
ck_8d5fa65717d2e0c6,0.015053207459843374
ck_31199510b40602a1,0.007570500159460317
ck_49e253ea12f4e922,0.015400146344045799
ck_780738e0d71e7e43,0.002338253651829221
ck_2cd21137a07fdd7d,0.003723720395918931
ck_5e021f2a3b66e256,0.019716991206403103
ck_efbc79246e32c66a,0.03115213597601944
ck_9951bd806c13c7fd,0.028267821239029305
ck_7a52674e2806d8f5,0.012437305813019987
ck_1a319e509f1efa1a,0.001771028531635197
ck_c920901b9a4ba993,0.8247271288538657
ck_b71279e807d0b3a7,0.012460538915368769
ck_47e1032f490bb018,0.006474167967068532
ck_192579ecdca7ff83,0.012874879217302541
ck_b1496c474c4a3239,0.0015064486798328865
ck_5e68ea2c5e893cf0,0.024932642434109795
ck_f2ecab85d4693b4e,0.007901844538033435
ck_89d7bfc81c3df597,0.019195657516009247
ck_7929284327667791,0.06831555824640106
ck_494ec63c5ce8e150,0.013224500164078053
ck_319b059bb2145586,0.07201586461258001
ck_ccb3767c239018c1,0.0023539438651941492
ck_a1c7adfe26e09a8c,0.025993179310577836
ck_0e13c4f73818149b,0.014708967681976185
ck_c285a51ed6214f52,0.06620597950425577
ck_916784595f028226,0.07164252174271032
ck_6cd8e0196365c474,0.036048700488508084
ck_57b657aba4daffde,0.08148936270102937
ck_562c76a3753fc7da,0.653182202893591
ck_66cfc1ebc9a513c8,0.004623057670115142
ck_0f38d4aed68d7d24,0.007470579673229027
ck_d8ddf5e99f7859e4,0.02941386115822582
ck_41bc3efa0fca700e,0.037113917627290466
ck_40799e129fcf42c5,0.15470631705272314
ck_786f079389126e44,0.016715335726815335
ck_bb4c6b713eb0b978,0.027700828639013422
ck_4f01f7eac0efaba5,0.019457616931703923
ck_47d29c01b20cf69f,0.01795935869780336
ck_bf15a1f8d67a30d3,0.01871215689287071
ck_bfecad7586f65e4d,0.008941024834939342
ck_fc9f16df35190eb4,0.5301161809412803
ck_c09c914e416edd08,0.010614044640888038
ck_c54c5d8e4433b0f2,0.008695106978414368
ck_1694c28f44480e98,0.005184801893370722
ck_1dcaa3078dbb7571,0.0021528026612201955
ck_af559f990c640e41,0.01621455003479724
ck_9b436162039a77d0,0.008418992315805562
ck_79d62ef181bd0cd8,0.00965092255156814
ck_23caafc2cd34242c,0.01448891078398247
ck_ffe2aa26f597e552,0.015832602135977
ck_e6ffd0754ac08661,0.0017988734380114633
ck_beaacb4a783db21f,0.0022105326973867094
ck_9863bff41d24ce9b,0.008361050036998281
ck_323b9cc5c49f8ea0,0.6111878340143738
ck_ab3de3d3e41c2082,0.0026221342203509865
ck_35c93b2924900376,0.0026294060847964302
ck_5a9d5f9901e37e31,0.017158808779352264
ck_782b0be796164335,0.011721218546008291
ck_11960b5f1c7a5e2c,0.0067154778896996925
ck_9a66cb13a9884cc2,0.005440241465177447
ck_ba666a425930615a,0.005071712263831998
ck_40140bef4db73741,0.014122263462935387
ck_e05e91cc180063d4,0.15782138252568892
ck_c7f6f45710bc050f,0.005700775222700747
ck_055fb9f2e1c8c934,0.033822345890964084
ck_58bb02d98e2b9cd5,0.03745476476327653
ck_d9f8efa6a7800f76,0.005076799861601259
ck_69691226c68fd50b,0.22091590083208515
ck_6f2f0396e5b1c538,0.9637889446020611
ck_78bc3f1d0f35ea6c,0.009229380366499984
ck_2d5a6b6636a2596b,0.0034677506775789195
ck_7878545739af0a73,0.0013363091892700585
ck_03c4fa4f3ed3512e,0.003917747673300504
ck_1a9e51d092d62c84,0.31869908536437624
ck_9f3861940d8d873c,0.008966934507262343
ck_4684fdd61c6a0fac,0.012457189218007536
ck_715966f86d5c913d,0.0024627747538249673
ck_77f293d44b4a3d2e,0.016469689005388678
ck_24dae044dc05f849,0.011332733086849147
ck_00b9818e2064405e,0.04891407031435191
ck_c1c2cb49c3c1b0f5,0.18388636799567598
ck_bed50fc64fbbf8ec,0.004261064160916551
ck_4f6ed5ea5ab7c429,0.005389920381345701
ck_458531c22ec2f9b3,0.011263102590249657
ck_51c50c4c443df31a,0.5885727321594468
ck_732d45bd578dc39d,0.02094155912967504
ck_783fe5bc20cd02db,0.10866450731496093
ck_7f188aaa63d1d442,0.00825260288483724
ck_ef307a6aee38d1fe,0.8489307771345302
ck_e37196b20968b73c,0.036197829760414024
ck_4ef9de711c3d93b1,0.015540488667274411
ck_17946516d5df71d7,0.01375364638201244
ck_3534be0f4efd313c,0.02388768321423186
ck_29fbabf855cabdff,0.0025819737863460013
ck_191673540d8486af,0.024317462373812535
ck_5f52728d777ff2c5,0.009640736946627274
ck_a045a19369016818,0.9865709704892701
ck_4eadbe7298b15e96,0.010508664617226202
ck_a3a0bd59729fe619,0.005715028418520368
ck_a1e77090b1c6ccf4,0.004055172482530921
ck_69ab9d4784eb77bd,0.01707236890511374
ck_baa47383ffd50f04,0.00802388142105929
ck_e35b2ed08b9e55a7,0.003950925513867705
ck_b6e3af0a5119d9a0,0.05761523954271414
ck_a7c1dabf3869772f,0.07290769502441138
ck_80b8fca67a14e0be,0.746293995565346
ck_dd9c5f0c42878e67,0.0038724146828079363
ck_41ef7967faf5ce82,0.0019768100919712733
ck_a93560aa348d6225,0.052342383095028144
ck_ffe91d6f0bd93fc6,0.018406602623676955
ck_fbf630c960194033,0.002898820478286814
ck_497ed60723283c0b,0.01779443471720215
ck_2a46b7ca55239413,0.003731020069531515
ck_1a4e5ace078dd782,0.04011772014807744
ck_616cc31910f5de50,0.005601868297902478
ck_0d65bc749eb42710,0.0333093167015149
ck_2408db62e4395ccd,0.019695429983463155
ck_5d7721930106dce8,0.011089065864027492
ck_e8a6acea22b20312,0.1352658760719499
ck_e2f792fae128b18e,0.13005693412559036
ck_e6d3ce445b86003f,0.0014714809945995454
ck_263334d722ecbc97,0.5224866009561413
ck_8c5b29f6666d4874,0.040656559199498905
ck_7ea0bf310fc20c7b,0.7952433088750724
ck_54d463f7fd89ec3d,0.06140154908041289
ck_79e45040dbdd6447,0.06313896262838435
ck_60b4d59953505682,0.7010288940176723
ck_fb00dd5021642507,0.025249366405008085
ck_f409ff994a210601,0.030843264131889446
ck_2ca0020038bfec58,0.1736414310937542
ck_adf84b9df54c3d80,0.0236799240482037
ck_942dbf632591b65d,0.018396008810846326
ck_454a7e4d859a3409,0.003218361243094052
ck_2139062d4569aa07,0.0037298062385719716
ck_e949a0f4df0b3902,0.07553306194967052
ck_bb113e3e6716ed65,0.005494779331337778
ck_6a28ea6ce69cb869,0.2119262856736546
ck_7df9910af2bba21b,0.015463134853546834
ck_78aa4b731cbfe251,0.007582082977256694
ck_5839f5cbd8165b1e,0.015724949952575933
ck_7158ad9e58769ffa,0.04291208575930883
ck_acee218cbe61df69,0.019526532361830475
ck_f8dc8473c2772729,0.0545610822681121
ck_f34c93a8173555b1,0.01139634394226273
ck_7cf301d075e4e709,0.008339364215395809
ck_b87e88ee5512ea17,0.003017024918633297
ck_bed0c020b10afa3b,0.017215304132579667
ck_ca10102961f99eb4,0.0026332650335279878
ck_393287947b5c8d79,0.008662178181999412
ck_2fe6cac002142f67,0.02257768919710976
ck_79c7f0d29b1db1cd,0.056803856049596764
ck_c735b643d3cbf67b,0.0034084698805326554
ck_ea4332c8fe48e2a3,0.0035941171181400697
ck_d39864119cdd460f,0.002692256731450293
ck_3b963d6be2773861,0.004399475981884105
ck_df39e3b8a9fd0bfd,0.7630171317294754
ck_6236a461dc0d11a3,0.0032251147684006164
ck_475ebccca25e30d1,0.00971155252110923
ck_c10c8bcf5bcd516e,0.059866655974942534
ck_49ccc3716a564256,0.004070129113312636
ck_4e4f99102f6938cf,0.0071702588453899496
ck_a97b481ade6f7972,0.03387609879684484
ck_3fa559c679751b3a,0.0118489274505714
ck_3eba1fd2c7acc4c0,0.31600884467555623
ck_18c179b4afc4fccc,0.010907815338769347
ck_cc1c0b93d05b7d20,0.04458121041252872
ck_742f7c28ddd019e8,0.03629660424213544
ck_04470bc93b8a0d71,0.005850636040763029
ck_6e8f8ef7a03cc6bf,0.0375006138610278
ck_eb1ddfc353b4da83,0.003559129333689173
ck_98831b57c7ca2e4f,0.0018145611147742887
ck_a6c7b8d6e8596d4f,0.19882152079323312
ck_cd7d24e3b095e96e,0.02721932288044477
ck_3f5ae4673a9f858e,0.0041609769220064844
ck_05f375fc8ae0afb0,0.018882334759412107
ck_1fc98436281ee39e,0.00641899685141768
ck_6c48c58678f64bae,0.0008522150285402118
ck_8c95aeec6a4c75b0,0.00167759426931923
ck_364cde38958b7af3,0.2913116898393157
ck_85bf21aa1a00452f,0.00326836850065499
ck_796d3eaabc667c23,0.9861092819124597
ck_ac449ee0c315edde,0.005671973686082103
ck_6f9fd15ac6b163de,0.0024385310652314885
ck_4087065be2a45ad7,0.5186406013035131
ck_ecf006bbc78ee3eb,0.1489054361646296
ck_8ca808cc5a49cb5c,0.017885502574187036
ck_94b90ab8b2dfb50f,0.04250547857929601
ck_59fd11b3232de9dc,0.8866250702049223
ck_67f3794d93e2dd67,0.11607185205570203
ck_b7f5acf5df1bb13e,0.01440557233698906
ck_fb04ecbaebb774bd,0.006320697470612669
ck_68ef3e7301c621b7,0.029476274567323824
ck_41406cfa209b6bda,0.004504299842346288
ck_b0f8f5408662337b,0.005599232036871385
ck_0d2901bfe585c391,0.1377002095102805
ck_3398551e81dbf3db,0.08967452969628015
ck_61c3e3e277629646,0.01856412415124326
ck_2825e34dd3e7ea2a,0.008179111171075712
ck_20d7571ba830009d,0.010739936840896976
ck_c98b16f9a72a6568,0.00240572233585457
ck_e7c8a9e4641eb9ed,0.0021554216012916283
ck_254a7c97c36dab8d,0.023183374289563196
ck_e98429675b46272b,0.01142751037561773
ck_c2fc0ac460786d02,0.010078673162446853
ck_fba15647b3a140d9,0.0051503721311726616
ck_15ce50f2704227be,0.01817726157736079
ck_8c748aaa4a4554f9,0.031076659357600254
ck_e00e82a9419ff086,0.026825084578131448
ck_832341c98254bd84,0.017924443172306417
ck_27466468d06db4eb,0.03620713981494015
ck_9d7b9e3ff1f3e71e,0.006521133112537445
ck_42c6973d3a6fe983,0.0024813192413923203
ck_877c85bad118bc62,0.038937901383425746
ck_75d2a2715259c4d7,0.05520439188814314
ck_37d3e5c681a2214d,0.590602322523937
ck_bf285dd49f372de4,0.016341363176879283
ck_a5bdd026fa9c50fd,0.012810139548595667
ck_88d9244a9cf7a77e,0.5142776327170668
ck_5881b174e49b04ee,0.003289266615858503
ck_5b16d67c5ea89930,0.00984781663917121
ck_b75b936aafac56b9,0.006190416345211381
ck_aed2681e1646a0df,0.047668888302253146
ck_f63cb5e8cc702bad,0.005631534833605412
ck_1805fcfc4a9e4ffa,0.9076175663874319
ck_25c355da356c730d,0.028550792472178507
ck_70396398e4a96449,0.0042098379149895886
ck_0f743bd13373748e,0.023883507273618994
ck_4b387765f0e916cd,0.004975824119542847
ck_e971faae8a10a260,0.0025323332838038635
ck_9eb08369e983abfa,0.001890935192595368
ck_c30c5844512e429f,0.05467944256682428
ck_59e77e3a81f1fa0d,0.008841271639974732
ck_ca4465f2b5c1a52e,0.9858002279108685
ck_c89b9ca398402f1e,0.0028122677822513694
ck_36e72ef9273e7a95,0.0070634967271724445
ck_2bdd8616870e5e1c,0.0018852287054896895
ck_216e87a41de22b5d,0.011532001365996553
ck_60f4fb44f5efe3a0,0.003674231255835761
ck_05652e8ace6ce6cb,0.006778159443886153
ck_8c136dc691e65695,0.0011707657617823404
ck_a08f8dfadbdca112,0.0014758318656663604
ck_bda4041a3e90d860,0.015404979941939886
ck_15dd3ecaa8ce0245,0.7769547444079861
ck_3e3c64b3b7876ce6,0.018242829373915907
ck_46225858a38b2e57,0.016869425714515496
ck_0cb9f54928f4feee,0.011675944704190831
ck_152671fbf8a9a78e,0.03091060496408127
ck_ee7a515e87d17d4e,0.012462704615155319
ck_f7276091bf513d22,0.0023081553919457503
ck_4f05daf1cf0d5755,0.0028904957972955966
ck_83a69c4a5d55ef19,0.025776208235285696
ck_c50fed2a7c9198c0,0.0054254031054387485
ck_70d19d5650ddc8f5,0.013885287461240795
ck_4b4d99e443618904,0.012151993966765653
ck_dca0b6ca93311ca2,0.006397148229832967
ck_b7431d4706461ec6,0.004858701113268956
ck_7b59d22cadef3b05,0.1098008695440281
ck_53428573abcd606f,0.005481498354591402
ck_f538ab6aecf2adfd,0.002672699047785754
ck_d321249fb065d2fa,0.05034387619433609
ck_72fdfc7e6d8e1436,0.0021124146314450325
ck_b52b99dad89ecdfb,0.009173571418767762
ck_d2d4282f9d256b3e,0.006143596652533081
ck_c8f2a1dd8a6141a4,0.0012910070975944727
ck_8d38747058d0aeea,0.49951243363050046
ck_3ac528caac74f563,0.02027832415576211
ck_8dbaaa00ad829ca9,0.005354858173730475
ck_7c38ec898f0fc21d,0.0019972036073670793
ck_8171ef803f5ff604,0.027785288622754877
ck_01a750db6fc1168a,0.037035123420804034
ck_ceb017baa26e98c8,0.029677372819680053
ck_e2c66c72cc0b0f78,0.01261441131432009
ck_8d9518f64b222416,0.002587817787915967
ck_804c5a1fa5753617,0.006172096971971264
ck_fca7cc9c42695453,0.003917985414517808
ck_3a632cdf2c19051b,0.008490676686339342
ck_b2b63ea65edf1dde,0.09198657242703175
ck_27b07021500ee841,0.006751875251118118
ck_9724718fe64c6557,0.9571658326689415
ck_2786cbc3e75ec034,0.6234468966651383
ck_d9c2622cb6df380b,0.011910326439168999
ck_ae1da8ee98e402a4,0.006738862055919424
ck_62967b91504149f9,0.0034485491370110756
ck_6b255bf68709109a,0.00455752892802307
ck_c55afc68421d85e2,0.012049089855478982
ck_7c7266f6ef2a8466,0.04212581095816193
ck_885cf685a9541190,0.8617374342849387
ck_1a4bb7d3d2ee3227,0.011775481961220179
ck_b4911c42f3bff740,0.0019916270857586876
ck_66f9f78d4c6a3edb,0.016165875994482895
ck_49bdba9ee1899dfe,0.01759446224838879
ck_79b235d51718435d,0.023420913764895305
ck_d840db8cfe2ef6f1,0.002791330436382145
ck_610c7bcc1cd7ecb0,0.019524176875711965
ck_cf49b6544aff6c50,0.48529900828236244
ck_de05f97c3d40dd1b,0.043840712092747036
ck_0302f67d75973dce,0.01030175862852995
ck_54c2604c9ca6256b,0.026689603655368155
ck_a1c88c0568f142d0,0.060414137799768605
ck_5d72ff6cc2963d1a,0.0020319199710299917
ck_0446920a1004c596,0.006866585671219252
ck_71044c29ef071570,0.0048433097908172525
ck_2122e9bb1afffef7,0.005025120109927143
ck_d1e3de178601d3c2,0.02774641623119
ck_bec8324a3587ef04,0.0012245516881627541
ck_b616b6f45225f319,0.0331347353499157
ck_ce1e695884511479,0.013959641848767135
ck_a662b4bf900781e4,0.002091966130956629
ck_b5a84c5547378c10,0.0015308815630295392
ck_f80af368cfc6cb7e,0.006321119689007046
ck_da3526ab6c5c884a,0.008319855796130215
ck_bd20be9a3392d79b,0.006103284407383797
ck_b8266dcd90cbfa62,0.009265441973107224
ck_ac84b33304362c06,0.027722111055427434
ck_794d8935a895e33f,0.02712490848131703
ck_8fea7d915259f1be,0.00213776984165216
ck_7a1519ad5ff45312,0.002396733048492144
ck_9bf3ce30b65f75c7,0.038154164791442104
ck_5f864d72d1eead99,0.04187524002877598
ck_3c48e0cfc2a58041,0.30293107774789213
ck_d902183f80cc81fa,0.01705854563300357
ck_539cb0d117db8cd3,0.13975889589354631
ck_28f530aec8e77130,0.03324864041471023
ck_e7d903c50d353361,0.4401085476242765
ck_d288b77d1e227970,0.019406849809102067
ck_017208fcc01b5d40,0.006078110719433457
ck_7e3923d278a5106e,0.02629556139839139
ck_9700a00ff9e66216,0.0499108885010008
ck_5c36c78b7a4d138c,0.23202030591957645
ck_c457e9c9224b773d,0.01816401343519171
ck_1dfa91405d7e66bc,0.001493703719323509
ck_f1d8a2695a575e56,0.007920681241645038
ck_3b92a46daf8d00d2,0.011781775301048613
ck_aab23b5470469649,0.009085371896960445
ck_ecdd01a391610d99,0.009675094377890424
ck_abd3aa292f8edb4d,0.15892956213682036
ck_7fc9a0776e1339e3,0.0022884875655132864
ck_c0389ebeb0e65cb8,0.0020655407900603997
ck_48d0fc4f6a2109fa,0.990295174423397
ck_571dee4f3336c7ce,0.01683761266130713
ck_4cedf26628c84f26,0.023106810891678563
ck_63356762d24aab81,0.02739379237701791
ck_2c5bc11bb7ae5d2c,0.9171370500441699
ck_6d26a152f900fee8,0.011966685942425127
ck_c972b0e781efed3b,0.0033841867039301234
ck_fa0ecbcf9a33d6ce,0.002182216046327495
ck_fa3a766e49dc77ae,0.006527149867285039
ck_7baf1e55db0dc558,0.017271759775291846
ck_e8bc49e6494c1f37,0.004983613422436582
ck_8ef1d05cc1e53e7e,0.03689310281869319
ck_cef2a485a77e0723,0.007426519233853648
ck_228a583f23abff48,0.008297989422404287
ck_ac32c6e374782b27,0.030382707515055944
ck_b9485218cef413f0,0.0023540560742103833
ck_7f15503048915d6f,0.013541278705831545
ck_b62f5144db15ad34,0.03285752189555709
ck_917d82c552f95a23,0.02142645887669585
ck_fb4797045077bc6d,0.0015258202165672192
ck_2cf8a44e041217de,0.027711888674823416
ck_b7dd681eb3d2ee38,0.0018913472167375225
ck_e9e8cacd2fa35e79,0.01504844441815999
ck_342a79f91de5d1fa,0.029251160149660956
ck_2c91f62c05685ed7,0.0013134590423512864
ck_e30cb64302939f38,0.018756098169187135
ck_d0e95b90ba86da10,0.005833245846392266
ck_1774faf414a5d49d,0.7590205350827597
ck_2401e8ff89e574fd,0.8071125213829158
ck_0cd8802264e0a1ef,0.010426613891650631
ck_da84a0dfe947fd3c,0.00833244125885931
ck_c8affb27ba7fb5db,0.04625887333719189
ck_bc7ece8787ca7200,0.006196784804217586
ck_469a0578d05990c2,0.013520197171085976
ck_eef67f8dea702338,0.08454690659099415
ck_4f490e379e9ded9a,0.007291993769007977
ck_354379de065a8ff8,0.0038108312748481653
ck_5db1cb368bc41ac3,0.005069491733951082
ck_9b1c3742dd6fcb8b,0.013817415430697092
ck_63ce4f44c92d7143,0.029977242353266507
ck_e15e3390f5ed45f3,0.00808341475897979
ck_da645ea91d66aa6f,0.2817350036697938
ck_834ca727df855f07,0.08653353949529434
ck_e1d5ad20c737c745,0.010565239959393185
ck_ff8059ae5fa5f1ee,0.0009507918396310822
ck_8bb9e75393954a1f,0.0019594351359421107
ck_4e1757d1347ab387,0.9810589690556336
ck_af3f74b1d75a5d95,0.009086070936247834
ck_6b1ab0742ff04c3e,0.030754656966890573
ck_f56073911c9f1ab7,0.003329728571405196
ck_51bd5f69b4fe0b92,0.5378670013800456
ck_fc3d95030b81f416,0.0007548006183801897
ck_cf78169633a1600f,0.0020450665033733477
ck_ad7269eaa65c67f9,0.02569636341529665
ck_cc6d33890d47a6cf,0.005261181216099493
ck_bc8f31f4a2ffa1ae,0.001798006374836986
ck_720776a46e56dfa8,0.0051325941525508685
ck_e2d1f212f259539b,0.007703046510865627
ck_eaf6f7082c3db2bf,0.052885451368418164
ck_773efe58c6278c3c,0.01590636356345811
ck_c4a72c09f2fdacc4,0.010425696177628133
ck_8982888dd6611143,0.0015278096450408948
ck_9d5049e195eda029,0.006033588648815416
ck_de58ef6f9fe2b546,0.005976961445259643
ck_c0b50c11e4f5adf7,0.024650718930913206
ck_ddaf228487858bb8,0.020456285452177907
ck_eb2323215ff70362,0.029798488670056876
ck_168c96a1a636ea15,0.024785583782056003
ck_9c46711b14d9eebc,0.0021103275939713625
ck_de8af660806b97b5,0.0024824611408076507
ck_6ab83f45bf16eaa6,0.0022686789145642964
ck_bf2228a052815840,0.0033943972718124622
ck_3f943f20a9da9bff,0.015864003675291012
ck_3baae40454c00938,0.0032459839836268736
ck_bc2e771a1d8d2dee,0.028331076121637388
ck_e55f5ca37f30ce8c,0.01092908995225514
ck_4ad5937bef176d89,0.0027303002301131453
ck_126531a9126c17c4,0.003874762089827754
ck_7ec423cb56257516,0.047783086431957375
ck_54748ae0f2daaf10,0.012525731685665975
ck_ff24776280ceeeed,0.005194632766367247
ck_3c3a1a1365741bba,0.007787657904887838
ck_615277c8a4e2b18b,0.0066664069100989655
ck_a96aaef34173aee6,0.07310709218818955
ck_bea56db7f3e930e8,0.0026313695924225305
ck_ca491debd3b32a59,0.014234983245187537
ck_d9ea77f4114a389c,0.002420123603457159
ck_322ffda3332d08a2,0.023148724614123935
ck_c40ffefe4e30b001,0.03008303604975298
ck_3b1d7648d4580bef,0.003293331988437327
ck_23981a3261674131,0.007562226601194093
ck_11667f5b9fac7bc7,0.0015948327577027142
ck_646bb3c7be5f0817,0.04975455023407089
ck_ebd0a45712dcf07a,0.016482456365297892
ck_baf43bf1bd963f9f,0.04660924786020892
ck_e0ca2c819658f6b6,0.9833225132330241
ck_f0d6633d0834fff5,0.030189611180619514
ck_91081be0254878a5,0.007401217518659808
ck_1325000bc7f35b5e,0.0014234769211990451
ck_c624b9063400fa3a,0.0893355714671834
ck_0ad6fa0e23c3bd0a,0.03480734746825053
ck_6ddb55b1f23c6cb1,0.00663171767411176
ck_dce1fb3acd65562f,0.009263083203536877
ck_a9aa389688ee5aea,0.009751275352256998
ck_5c5284c45d9ad8bf,0.029128059393955276
ck_9ce743dd3e92549c,0.016930928781951366
ck_8342e08cc2f9bcb7,0.002049755908978178
ck_25e551a0a8d2fcc2,0.05173111913984263
ck_d4fd0e438c97e0c7,0.01036710846316992
ck_ac7fe1c344190c50,0.023230988208097894
ck_ddd65711b5651f89,0.0020094284687672856
ck_ec7406cb5cbc8f10,0.005065382378160468
ck_1c65e8d5be3b9c60,0.32701489067896733
ck_38ee42f15a573e81,0.012791634795242146
ck_0e5385c70c6de025,0.0034626666774364157
ck_d3137f0f7629040b,0.005631270876138475
ck_9129c92c12e0c8b4,0.0045131716848485805
ck_c86520a00e50a926,0.02434502683504268
ck_87f82b2b5fee757a,0.042135118512437654
ck_643abfbd7548d0c9,0.024713401748054285
ck_be51f4e5e6b85768,0.02386883168744566
ck_132c16312f37810f,0.0033915701087822827
ck_c78c096ca8cb33ac,0.0013653130722894261
ck_2ce5afbc014763b8,0.025644229247585186
ck_50ed8f4e7ae6710f,0.0074554312158838535
ck_5a4eb535c9a11993,0.0032763161237622704
ck_9b665ef46d785324,0.006613083669788779
ck_e066f71f8b296b7a,0.008969428771218643
ck_560bc6017870ab06,0.003558052606258446
ck_fd78f8a8663646d7,0.005487596168663402
ck_4af5ec61ddbde1a4,0.015569210321700286
ck_c2ed04a9d218410b,0.007081888132384713
ck_2455d43bbdd2bb69,0.011465182822252331
ck_56eed7041add49a1,0.28638857612262786
ck_5f0be7b468a72333,0.010595217285347827
ck_19660cec756632ca,0.003178963202851646
ck_fb90408f4892a21f,0.014850585759640484
ck_833a65b86a5d9bda,0.003743093274782984
ck_2ac36e1dff211d38,0.026746618344276427
ck_c00e70606904539a,0.008904500167189522
ck_ba8affe4b9505a95,0.2963963541643159
ck_0c3dd22587b08018,0.019660309004308693
ck_618c4e5cfae99dcd,0.07726608776468392
ck_c9690baddfc4177e,0.002130631821184388
ck_59fae092fb0c4aa3,0.026979074262365954
ck_e03b7d0fa0b28f4b,0.0038980700977685563
ck_d451d24c780b5884,0.006816558590346989
ck_e980d325b8dbb8dd,0.002014521283615141
ck_cff18e2d8c520272,0.0029534037523840447
ck_a0e46b67e986ab56,0.012521357509390362
ck_3a469039a5b9d963,0.009004081233531008
ck_12cbb211ebd2b437,0.03683405960663087
ck_b8cdd6d6dccc4554,0.004337181688675076
ck_794ba5921cef50c9,0.05945355124382249
ck_2c7667f64edec2b5,0.006570540938549002
ck_7262b4e0c29c942d,0.0075488244111737495
ck_5d818522cbfe2a54,0.021397831429884242
ck_de39c1947fb675ee,0.13521526333118983
ck_c021495606b4735e,0.008571448695699747
ck_1fc03ba33edd9e67,0.010668182561154385
ck_a6fe344bbf67f14b,0.008927488205133068
ck_963762210edc5694,0.02524928277475588
ck_d064428b7e7dc409,0.0054309221334428465
ck_59be61b53d971611,0.017496211951957087
ck_ec8738ec663cd2eb,0.015702587623429833
ck_59d086fab5998646,0.007134335460941284
ck_bd32dd3b2cbb7888,0.9892738896374453
ck_ce0166addb93bbad,0.0013436518706733485
ck_7c0fdfbb447cdc04,0.011694357474453564
ck_cb1bd7635968ed8c,0.30550800749133517
ck_66f94903177f20eb,0.010484421220116034
ck_1d7cd5dcbcdafd7b,0.31060879848542683
ck_5e418a7c04437b4a,0.016892808662665265
ck_631ea1ae91ab333e,0.0458652198511673
ck_0a8029e79a5ae7ce,0.027112375326876926
ck_c4cca8278bdad9b9,0.0018364184324094093
ck_4dec3df58077a257,0.03676400542084804
ck_609c249edd88c565,0.009897430463508085
ck_02e5f9cbbbf2f078,0.0168428601372033
ck_32e486859130458f,0.7444048005952661
ck_21ed2ea6386c5a07,0.0015158741275346631
ck_1242aa4496576a99,0.004834721390582094
ck_475ea9aa6d3898b7,0.08916173290952865
ck_fe1b1adae3be70a6,0.4653273103088716
ck_c5414d7a8031d4f5,0.0017333780860699084
ck_ca1f6f01868e978f,0.013589871576435514
ck_5eff0208c74ec714,0.007375843343825606
ck_a315c9619a317609,0.01912486578562808
ck_2b87683c90acb852,0.014815755932089787
ck_7cd9f39c50748ed0,0.008379419537749505
ck_16a06d58d71935bc,0.022780832787719557
ck_d116e0e7c19b878e,0.6303428929316295
ck_931510e384b1d0cb,0.017586736447860064
ck_e7651fb87bb24132,0.0012307013842571615
ck_88ef9f85948e1a01,0.004207133894876691
ck_17bf38d51115a8f3,0.0019174210631859132
ck_2659d1d3762a2825,0.006636980021562406
ck_a7285955e2852686,0.006320988658056549
ck_f2c33d5b65b321db,0.04402156074106103
ck_83e5979334345622,0.019305944143614452
ck_629537d8b4d0f395,0.01658089889258204
ck_72022008a92c9386,0.02888854059462918
ck_2973b8274f0bf69b,0.04817111611805178
ck_565e3418d2f4061c,0.007916328996672136
ck_54bb53b8f8ea32ae,0.9882798046853465
ck_af0a6540ea7a36b2,0.009489780044106057
ck_888651bfc2c8cf70,0.004683839504379133
ck_1dedcb48ac381a1c,0.1528623560948935
ck_f73273e220296be8,0.027966228895155296
ck_8424bf65223a5a9e,0.004318342671631789
ck_337b930fd149a696,0.015725994869890403
ck_8a4952de8a123ef8,0.004511729705679088
ck_884168153c9c0c81,0.002774059609512405
ck_fdda581aec411010,0.002120107156645258
ck_2b7cadbc8b180d32,0.8581836029707696
ck_8aa8b9968233a1ab,0.0033558279793174228
ck_0af18b3ce015d294,0.0031909187187213212
ck_8dde670a735d1e90,0.19599294408611379
ck_62f46226f244139f,0.027231947106787533
ck_f948e8a8fdd79b4e,0.01156687749092869
ck_fa00aa0f3e859904,0.021351596537161448
ck_fc7935f784a4f249,0.0036921657701949034
ck_e7501307c0698e5b,0.01785955303625186
ck_549ed417f2834cee,0.014180671486957612
ck_fb2a35571ec719d4,0.11225467469014068
ck_25822068c86c856f,0.002825969072575496
ck_8f35d229b62c8f23,0.005547246244540214
ck_bdcf049c1e7d0c95,0.009369044482194562
ck_0aa9db36eb16422a,0.0013541549164034984
ck_42dcf92e9e016922,0.021429607297208154
ck_42341cf31c08c981,0.005047063554578559
ck_0b20bfc515ba42a2,0.010278754729037552
ck_0ec820b670d48098,0.0034327635335077017
ck_1f0bafec397da8e4,0.03437467506247554
ck_82f07504ab59ed33,0.03372303450993459
ck_337b24a474010abb,0.9892170178120365
ck_703703bda38fdcf8,0.010349178270955751
ck_01e7960c63dca3a4,0.8304014217285923
ck_be5bd81e3715cb8f,0.9106102010173337
ck_197f8058cea1fbea,0.0017426813812334782
ck_eb3fb1106f2f1b21,0.025911760548021554
ck_658b4b54be09a4bc,0.9641766435563448
ck_266ce7ccf41ccc50,0.01310230553873781
ck_110608c3b03d4038,0.47780412114088244
ck_1be8cb95d6d9bbf8,0.006581846269631029
ck_8e16a64a776afa82,0.03586215784454215
ck_34bd190d37eda534,0.03526252219175411
ck_4f521611ae14ae66,0.0034520641270506212
ck_d839798f9520363e,0.11899059196367938
ck_d1bbfd246c0ac9d5,0.02149332816325481
ck_f19030e6e85a6776,0.05631514216227082
ck_cdabe60ab59f9d5a,0.013595801075579648
ck_bb84b2b30293f566,0.672477014687303
ck_427b91925952cb40,0.04298011217983661
ck_1078b1e155b5b640,0.006501158460978196
ck_95fdc264eac72fa0,0.005464266603898227
ck_e35eb857c61548b2,0.741216905610529
ck_69bd0b1abea7e1f0,0.14612531261890027
ck_59de511b20c842ba,0.03822590169049154
ck_168e7ea341a36b80,0.002408480718401673
ck_4937cfa6526ea138,0.06514396298618312
ck_bb1a981306b750ac,0.154506474633621
ck_f42a43e4c3f34ccd,0.001861040005812577
ck_c7ae1d4b3ab38185,0.0033895960653679146
ck_bd23cf9bba1dd33f,0.06879784952357072
ck_0fd826fad7ec7cd6,0.06051850717010777
ck_f143641bf3dd0414,0.04450241991687919
ck_ad6d48c20a3688a7,0.004376503604918031
ck_7bda5b5b927b2905,0.03366021072908901
ck_a337eb38eefdcc88,0.03658460991194295
ck_403da2a2d800df9f,0.17971172721441375
ck_aa01d5aafde73d0a,0.005023881973310355
ck_494954023f0eb309,0.17541767337128422
ck_1c6820fc38135ad9,0.006438063246101073
ck_0e0bab173622db9b,0.0631195707489391
ck_547090bf35a3b243,0.00639170344938577
ck_d69455220b21dc9b,0.0038340725767600564
ck_90b4ac695b9c6bf7,0.004052186916603322
ck_8d2afe17c0082e6a,0.016642108147707564
ck_926b81c0ba528eee,0.015816726168177427
ck_ce36b0c287bd198e,0.018018246541666567
ck_8026e017909aaa6c,0.0019406357886747215
ck_dfba788f35d4c372,0.004229901970931733
ck_f09f9d0e0886e0c6,0.008735123260003776
ck_4ffe0366df388604,0.031873216569444016
ck_75bb521de55644c7,0.003968040979882488
ck_81a960fddf79ecf1,0.8938708555272964
ck_8f43459991ea511f,0.003972489970798032
ck_f878b68d66fbfd4b,0.0012837943872525347
ck_e84abfc0c747c9dd,0.8835097189759143
ck_3ad3fd3cceb56b66,0.8563466835473632
ck_7cf562578c7f158a,0.005281515810595223
ck_f81a97d350397306,0.013784742412376535
ck_255d87b7fb40caa5,0.008323871172168575
ck_b3905153b9eee924,0.017503758219461506
ck_2c80a592fb4cd6a3,0.004129652359450591
ck_57deb202d4188a29,0.011684038807783449
ck_e3cb5f31d8e94448,0.9673398002706065
ck_0db62d5f7f75f80f,0.013099382318992183
ck_ced9163ea85589ea,0.032110970286282785
ck_e16528edc694fb33,0.9404672218285343
ck_78cc5ec4940fec3b,0.010664510948250603
ck_31742076e9a998f8,0.019963554036851953
ck_5ac335f02280271e,0.015222406058965313
ck_7cc2e091806cfa5b,0.04310658853670852
ck_3152c7115257f084,0.008374019445814984
ck_ab1b9d019921bca7,0.012858795165402328
ck_c33a762d98f9b290,0.00236338892685875
ck_b16a7c51b6f7a6b1,0.04688830118700118
ck_97402a153348e68f,0.005431208730466141
ck_95391029a21caa24,0.030442947251428838
ck_c2015a1200971fe9,0.014613472345715736
ck_ed4427962c68918c,0.9843116907150871
ck_c5e4a17d3efb19a4,0.24895818608711184
ck_8aec3d3dd51517c2,0.0014603895324363269
ck_f5178a658225d8e4,0.0011637222361884816
ck_8594f165e95316d2,0.0018607687254741457
ck_f0c4aac04076a6dc,0.008375289376759956
ck_ac2f7397801036ef,0.02651321407178073
ck_d1ea4bcc407c7d5e,0.006810894394362223
ck_cce8b6657a538fe0,0.017306227459107655
ck_66d0c6d6b67a8d58,0.002058469226824261
ck_1a6b30320835e57e,0.019256086152697048
ck_8cd274cc85aa35d1,0.02413999810474244
ck_ada46085a78280e4,0.02566901919274116
ck_ce1b06623e4a815e,0.0033097170132659103
ck_45e70c8a9686580c,0.0566950320635756
ck_0084d8ab6b1044f3,0.0048712261509614285
ck_a5f7b6fed6df2aba,0.04456863087552057
ck_94940d783e7988e6,0.005008135539990372
ck_00f9ca84d1d8ae7a,0.006932048030593449
ck_0deb56f3f6452818,0.001831988839943189
ck_a58e900469dfc3f0,0.008020379127343732
ck_028c41b195280980,0.01585307410712818
ck_7661d7ceaeb19f97,0.028928375457021212
ck_6957905a65c47879,0.032593104870762876
ck_f7c6c26ef3c4ae06,0.008485133648467705
ck_8777beb11aabd66d,0.01392468787590134
ck_7db098a17374bbf8,0.9138364169616985
ck_66aeb00e44486cda,0.13305817682459092
ck_838c52cc1d315ec3,0.004689767252741153
ck_1745847cd4e5dc83,0.024370916660834616
ck_201687857ec8b3cc,0.012290588028956497
ck_81818169208a8cda,0.01788187073994056
ck_3303fd3f64632c7c,0.03882400915951498
ck_edf1096809e83ef8,0.002213964304166334
ck_235ce9603c7dccbf,0.016072685347960743
ck_9df7e153868bca13,0.0054559937582281
ck_3cfeade2cf270fee,0.01732510780688995
ck_982b0bf2e2b6c4f7,0.0016497502777068488
ck_faeb0da678bb86c0,0.004938135559722442
ck_e86ad2fe815b6ed9,0.03966154680020639
ck_70d69e5d1bb99e85,0.008193204632600776
ck_7e9a8924eab779e6,0.9840489743768377
ck_019d5891103e7da3,0.005614645232593167
ck_14f0484b3817eda5,0.008404279298988314
ck_85de63d278f0fbae,0.001260327218583423
ck_ae91b4cff57fb3bf,0.01544758729127585
ck_2a6d43b9f883b78e,0.6557841163060075
ck_7a4e3d553e8ab5b7,0.25787482764469055
ck_fdf89dc69f700f84,0.16597724443916165
ck_f92e04024bf13558,0.003949540211277343
ck_4a522ca2dc4831a0,0.0014394443732140996
ck_68ba25dc3385fea1,0.029282636811024675
ck_22128a4f0d033422,0.018756929571744373
ck_5b52ee0a13c71590,0.003310006694296785
ck_59472d17debedafc,0.026480723412638525
ck_9dde2c63acda3ba3,0.013100993221573518
ck_7510b1023cd08531,0.002028113619771626
ck_071ddaaf2e4e3671,0.00632564210912098
ck_1355db6f4010232a,0.006975541856174203
ck_0a7adc2f27f98510,0.04849778654447985
ck_68250033717cd59e,0.004453403669341825
ck_7c12de74de30b788,0.46173602611949843
ck_65491367584c730c,0.020124620628768963
ck_e9047964952bee70,0.018287021339819173
ck_5567779d6ba184eb,0.019545098323643505
ck_d6ea026357ec6477,0.010116240567494801
ck_cd7dcc884e283746,0.10326676052224604
ck_0bd77fea8ed75a15,0.009767985438132225
ck_e80883208e8d0453,0.010774117389573568
ck_2ad0ecbacd5acf8e,0.6473601209594706
ck_6c1dbee7e8fdd5c8,0.017143110608072703
ck_ee4d9a7449515908,0.0018748793487262851
ck_636111f7f030496c,0.0017572669932699088
ck_2c629c657f73941f,0.025688058407290184
ck_c1c9d3842d758420,0.053232968442157594
ck_e4df7faacdfe8c40,0.018341211812214243
ck_94e8142728e44380,0.025848043979439243
ck_765aaf42c5088545,0.019080188801417937
ck_e0f845159b6e6a4a,0.006913475243455071
ck_5bc07deb82edbad7,0.0019682619500449652
ck_713159c5c6a7a4d0,0.9910282794542848
ck_b08afc91d9ca55db,0.023895098165678037
ck_a7bc323ffed2ea97,0.5698647556510198
ck_85ca825f905a34a1,0.0277760105860731
ck_33160c443d4b3f19,0.00596883571582168
ck_832d39c590a3ca75,0.8868025188425992
ck_7d1661a34164406e,0.9824068862203453
ck_c2466fc40fc9d5ed,0.9550700670433682
ck_ed0e776c0926ce67,0.06821835912551347
ck_cdd2ebeec75bfa69,0.08939068429715738
ck_d7877684c7923ec3,0.0071916264280065395
ck_7384d4d2406aabf4,0.015132957412936448
ck_b8e5244e650aa81b,0.009649635549083891
ck_25a1ea40b2d59254,0.002817739658697368
ck_b9e5b318ee4de68d,0.01866601032839245
ck_620d7ae27af83cea,0.005049400685998773
ck_40b4e264d1a12b83,0.8539509120306514
ck_b694c803b62862b3,0.006093910765224914
ck_cbeca201dbade3e5,0.020137298832091872
ck_f9b439c9161c3e52,0.0042599990354647115
ck_9880410fcd10a28e,0.003258286432201798
ck_74928f5f91aa12b2,0.05775683504418114
ck_b6673bbe61d2680d,0.028808477826529566
ck_53c8315b5c30acb4,0.0061094312069279715
ck_78f01d78ea79642f,0.017447451510481143
ck_8582490d6e365a63,0.007313371814755401
ck_af25c72d16299258,0.008107974386990341
ck_7905fe8e257b0449,0.2665224032101574
ck_0d16d9349e4a9e08,0.005469286378335997
ck_31b16b8848584e98,0.015525599165524425
ck_67207e3eecc02d76,0.06374000580955941
ck_e6b95ff91116a592,0.0062296270133298404
ck_c08f622bcd6de6e7,0.09075438556768496
ck_f9a68da9e0f0bc85,0.003685378473876618
ck_4072b59388976896,0.0061054034281343515
ck_8ec86e853ad52828,0.06436622991754218
ck_4fecb87eaffd5cb5,0.0033589654611613055
ck_d6880578428b965e,0.3040692968101307
ck_bfc82b3c1c9f2897,0.9780870225843794
ck_c340644176ca03e7,0.013137548179872154
ck_321e740066fb05c3,0.654368046522374
ck_8929d2eb09872052,0.12121932587209272
ck_205c107cec528414,0.4324815739940151
ck_e76db7d2562f9836,0.006799128477067525
ck_9ede51c8434cff6e,0.021956723170464605
ck_492e4b89c61b7b6c,0.012896458732585875
ck_9385f5a1eeebefcd,0.04047035705922354
ck_ee52c7bf88f952ab,0.009183696810948971
ck_d8116c34302021d7,0.002212753297323347
ck_01645ea51972e99a,0.029024561462890258
ck_7b45ed23304a854b,0.01058307113350807
ck_2096d32f3d497ea1,0.22600459974718895
ck_dfbb2056f1ef7d3b,0.0043316744019217335
ck_938ce30c864bc7df,0.007659090854110345
ck_ff30dda2c881a4bd,0.15099835419713095
ck_f88c79186a082beb,0.02002470916349015
ck_08c7bb0f9851cb76,0.29952071819065745
ck_2675e7a008e584a7,0.05853778763101446
ck_cbaf8a954281d4e3,0.9831710842703643
ck_8b24eadf6c72b30c,0.7510304048610592
ck_ffc8e3c1377d0706,0.006027657790416433
ck_5b59e859bed5b40e,0.00832981964093353
ck_7b61717f172f9317,0.9287860937758523
ck_e5c30947b732f661,0.05209935900486242
ck_bc273f3ce79f7e1a,0.004830996660388533
ck_f69e93388b3028cb,0.15926926227077035
ck_3837ad850996ba60,0.03231011019685794
ck_36d78ff3bc033ee5,0.013066528250636748
ck_5e20953547ba4135,0.011531632147421894
ck_258d661e450ac870,0.004517491299012577
ck_1df66f537496ca59,0.02481863925582929
ck_361f535599110201,0.031160871681688317
ck_337e98c69f6e7886,0.009643577482002157
ck_d3d5b2717cfc3913,0.020153750096039542
ck_b1dba768dbe7affe,0.014544628215952777
ck_92d782bd9ce0d1e3,0.023994802484636008
ck_26bd0f8898afc8ba,0.0033991156995930452
ck_7916e53daab36745,0.04732080083423742
ck_2caf553b31831a50,0.015984952331692597
ck_c6200734c7f9b2f9,0.8761578044937639
ck_cdc55623cb16e6a9,0.006313012962399987
ck_57849e15b61c43b4,0.0038472804618977785
ck_b7af9b2ee0eebbc6,0.04088705088216922
ck_00aa5fc3b3bc66aa,0.09350227598453213
ck_9929723f65636c7f,0.9884921758827332
ck_8f6cce9f69912983,0.017512189056607563
ck_c422ba389ff00781,0.0017564169499315603
ck_9ec7f334604a228f,0.1699424676438067
ck_5d01200ba3341462,0.018334085784595208
ck_2bf10be403849c9a,0.009619421150322877
ck_6ca018259f70858f,0.015289361288142192
ck_a54dc042ebb7c766,0.2496095972001287
ck_79da63fc100830b5,0.029447770861106736
ck_67ab6f9e05c85085,0.040143182610532305
ck_fa80da579ea9afc0,0.007769306036016201
ck_4339f86c87289222,0.8696825976151414
ck_a2299b4f530be0d6,0.46622171247952143
ck_19db0bf788697c2b,0.009454853827443988
ck_fa4211c4d826d830,0.001883792107531725
ck_96100d5e8e051e91,0.003327742162310858
ck_5c3a671883d58b3f,0.0016243744116704734
ck_2d9524787cfe1ab3,0.29128598383734716
ck_47ab8e51e5b3a2d8,0.004698990525013908
ck_c924f36bc1bbbaa3,0.011971195652387459
ck_5c58e7f8fd55e26c,0.004311569260821746
ck_a07e7409d6d5aa06,0.013999190316867777
ck_c8413898f5f7cb7d,0.015057345156292132
ck_577c816b41cab002,0.8671989919685725
ck_9f7807ed64cdb728,0.015346856247648533
ck_495d814d6d6d521e,0.006532093605580333
ck_7aa8bc018c2b003b,0.006042177037494189
ck_7c3a6a82f3c3241d,0.011633865267276658
ck_487f7fbc290e4ae2,0.00971336541123108
ck_e556c4d36aadbe03,0.0029243760406029396
ck_7e6569a1b2455cb0,0.0011968692686344666
ck_de2924955926d046,0.016773809972851602
ck_73d60b4630e3937a,0.003200041709017753
ck_805ee564bd35ef15,0.0036543959981965553
ck_0d40961e47797027,0.004220289700545913
ck_f06d00a4f9c87d80,0.001745490947168134
ck_5ef50fb07b6737d5,0.008385745392482304
ck_16541fc15683e21c,0.005623835693379979
ck_09fd43f1b7e2eca2,0.0022257770042761844
ck_2a2c336a69b8d68d,0.01826097639456162
ck_2685f38930866af0,0.01592486765082598
ck_298278a9da874437,0.0073886918464503
ck_00bd7803f2530c68,0.006482703788569051
ck_c2b4a1d8c0b6c1cd,0.004931844537768149
ck_2acb54ca20c3af6c,0.009954242175393544
ck_e3d4b6f681c783ab,0.026305411864345155
ck_f90293f1eba5d7b6,0.08632940857443558
ck_e69d27e8965df0be,0.0017421489230411474
ck_b7f5d10b427346ad,0.0026639878127389426
ck_1ce20e4223a936b1,0.0057227090360153395
ck_6b97d1ab90f6bdeb,0.0785583733100495
ck_e30e17db5473c7b2,0.004909298194420264
ck_154c8efb19dee665,0.006082514216465339
ck_6f5bb0c930644cae,0.9913706161424646
ck_9e17699baa83d173,0.0026284148083215554
ck_9693b1eb70880205,0.006205274396127494
ck_1e97899875bb427b,0.006807798100657042
ck_558a82590f65df69,0.0013868892539994292
ck_18df83242ff3cdbb,0.0700401341024828
ck_80ad4396e1084c68,0.039563569823983014
ck_0a993bc947bab61f,0.02666534469339953
ck_5c2d43ff841632f9,0.011800634155635824
ck_6e4b99fb9725d9fa,0.018034960279661855
ck_e0983999ca26c19e,0.044041139196848836
ck_6573c4947cc8607e,0.08788477918679058
ck_d879d645d6e44207,0.006904188686796185
ck_1375ad9f10688e4a,0.002120847602824651
ck_7501ebbf4e21f160,0.007359069479324253
ck_ca60d61cd4dc3bea,0.0011493090269661169
ck_ab9ea095a5c58b4b,0.011555840058016551
ck_23756522b58df5d8,0.0024592943236195165
ck_90bc176c43d85fd5,0.21384455969097602
ck_908b663b2dda94ad,0.015995689629911887
ck_4df2fb8e4b649e27,0.00436123498298029
ck_5615c6bbdef05291,0.1639423341140619
ck_b62f3e3185251f71,0.0012134132685997434
ck_38d1a22850178f33,0.0031456665556079144
ck_5b3ba20c8bb1383b,0.005567727847888159
ck_5576ffc6aaf6f22c,0.002807830475482227
ck_cf7a022178165e56,0.003327076067688061
ck_f2c7a4c50e2ede96,0.018214770574824922
ck_285719c77eadf915,0.002673177953298508
ck_f2aa1b677619ab19,0.005213837658329173
ck_3830c58d841e9e69,0.7335408622402874
ck_32eba3510c8eac5e,0.007046399307977446
ck_8955d7b9030d5eb5,0.0080070547788084
ck_6775e387dace7525,0.029433553491072028
ck_0a0cd7f4be606a93,0.023261976156991507
ck_a9f700eee5d638df,0.007873984502445969
ck_3d7db96995745472,0.03878790080630653
ck_aeed557007d52e9c,0.00128185315579091
ck_79b6a86830156b5a,0.012680527754245228
ck_6a1ff9d69466181c,0.9912279895259455
ck_f11b1565f986f5e3,0.013824299267029438
ck_4819327a78615485,0.003019548179028559
ck_3ed9e081959b2f5c,0.009287018052208938
ck_16af4be191c47d3d,0.005965678447269837
ck_25122cc0e8b1a662,0.060526649616503204
ck_509c22828d467ba3,0.052385653695842166
ck_31109c899336348d,0.12528242156001496
ck_c51131e53baa59c7,0.0021772031365638934
ck_cf8ecabbc61d3e11,0.004367473566633333
ck_eb6baff0f85ba936,0.025128074626204398
ck_777669e2243204f2,0.9243267630872276
ck_ac0ea27e692acdc9,0.006478830773722419
ck_4c6ea04ce8ca9e2c,0.006757623590054999
ck_ca54b32fca7e94cd,0.007618539759636722
ck_4dfd8947f540eb24,0.012016405766346713
ck_95aff1fe27fb24bb,0.019859042201429103
ck_c7550723b90e5615,0.006179428547419788
ck_57b3fee69bdf85e8,0.0014252723038968218
ck_f823407ace7ff064,0.06757664802374543
ck_a69084a068bcc8aa,0.14192056789592983
ck_c7b17f7b24bef5d7,0.040661706022379285
ck_7c4e588f927c27c8,0.014558843853811104
ck_77fdac602d0c6f95,0.07757573888488523
ck_e963d8525018d072,0.01574197974377137
ck_6e8ebaea8f7bffaf,0.002674805624490097
ck_aa42976a31cb7770,0.006678785875219228
ck_22c862a496008c96,0.9855552746723242
ck_527550dd15f38782,0.03721800433268499
ck_b3ab3c210e2c7c19,0.04068772808712891
ck_ed9c56fdb9f45ddc,0.3513008417296364
ck_b53281da70defcfa,0.0033831787665332077
ck_03009b721568ee98,0.0042427312630414485
ck_3d9afd862b3f4053,0.4226569896383997
ck_ad3c4be96599554a,0.008954794447479868
ck_d1c787c27d50af49,0.033935139667028186
ck_c7a9c7b2eef46a99,0.0030502543180562563
ck_53036d3c6c74446c,0.3679288588774313
ck_1b1efbd9c0964c8d,0.02202213543745832
ck_d66f42a269d5c1ed,0.008582558747067464
ck_fefc49a2b8ad993e,0.01387543882550034
ck_8b3b874249adece9,0.11442735722538983
ck_193d9c87ad3f1dad,0.002101721821397959
ck_0c6a50d747593b7b,0.00707283172557392
ck_c830f3830875b47a,0.007365735992223201
ck_79e202f06d8dfe42,0.02535610713974725
ck_5c0fe988b8aa7fcb,0.15316595968199237
ck_a8382d8345f21e1e,0.006075151610871873
ck_8cb20053914692d0,0.015684380723505274
ck_1da2f69023ca4c13,0.001746926450589472
ck_38abb60995114f8f,0.0326349623891469
ck_f5791fd8fd8fd191,0.033758335730667346
ck_a4e6fc391b674335,0.6505658085024899
ck_bd771efb4a7e15d0,0.007588352046220966
ck_38ba4a6b6a292054,0.03299794580345178
ck_f7a07283345a0dce,0.010151542777270303
ck_87dc484baaf5a23a,0.0013553508154068646
ck_c84ef83489badbfd,0.01890838729464422
ck_a397cd64ec5d644b,0.004334682819871616
ck_7977135c2ff61e92,0.004978158868020301
ck_52174855b243a8b0,0.0750512719492768
ck_0f35e930d0614613,0.9808178784809061
ck_b170a7db522a0d6f,0.011350602180469092
ck_7af748a23775bd54,0.22104192364108557
ck_52f641c9ee6fda70,0.004466025112412755
ck_c3719a30414bbb4d,0.020607257671765643
ck_2baf214ad6bc0dbf,0.08301371721521233
ck_8b39d8aacfdd72b4,0.001920317981404893
ck_d39b0152116203be,0.008444972523017456
ck_ed33f8a937f9c7c8,0.011307114707914645
ck_8ef97b55a5fd6ec9,0.0013323802608005766
ck_8247f008a14bd1a2,0.004510312447244834
ck_f0d349d68249d5db,0.0016943751392616212
ck_a544e766540861fc,0.043884055720224045
ck_9dfaca4c7c80b10d,0.029389657824755385
ck_7e5401c362b2216a,0.0011587065954855376
ck_64ff60c073fdb6db,0.015283796664958684
ck_fc5ea49518e5d637,0.0028650403984022826
ck_580f136ced341298,0.0030983379755896764
ck_9cbef9bc95449dca,0.00764555079464891
ck_e475a3b8ba870a7e,0.007630238072847205
ck_97e94708bcf43563,0.012849961171458714
ck_13f03ec785cbdae1,0.0015974904688138268
ck_152820d8817f478c,0.006200133104231723
ck_d20d4ba60eec9945,0.01232055539647411
ck_5c45968a805132e0,0.014706319168618665
ck_bebea2cf3063fb24,0.0055199949836227166
ck_c3c69aefe7ea1d2f,0.016362259869794244
ck_02028b72f26fe855,0.012842542088345728
ck_dfadff70a58a9133,0.001954765840093448
ck_6482ed4491bedcaf,0.005989983825007708
ck_754cd7b4a5ae3f94,0.016792617511476413
ck_3132857aec8485bc,0.0026600155763629478
ck_7ce4ca91b8f9f1c1,0.01502687937458003
ck_41938582f4351772,0.004438556687490161
ck_f87d66946252476c,0.13954158389770743
ck_8053f1879a9b4e43,0.0030600124359205436
ck_93892e91387f5103,0.012768846687492279
ck_15254db133b28371,0.021842010958473705
ck_d557b9feb241b3ec,0.001638072607780847
ck_71c3a8e4c12c989f,0.005362710992987211
ck_80e3041811033443,0.04310652255270375
ck_3380d60067b4634b,0.0013555127574772835
ck_a9c2cdc758df8510,0.01097123785387112
ck_3c0031d7514da17b,0.03531982736649837
ck_18d214b1418be39d,0.0074780595575791265
ck_7ce768407fd48321,0.01480369249036688
ck_7a50abd42298133b,0.011105859190427513
ck_2db10f987d137582,0.036158578117842385
ck_e077d004cd1d80ae,0.011900900931361045
ck_1cb6dc67f9a321b5,0.06054987276339936
ck_b864f64101149c35,0.1790686570695621
ck_9bedf54df9418e4a,0.008735120057097213
ck_c47e32c47f0e6578,0.348938574278134
ck_71f382d5e338daa3,0.002734183842273456
ck_14b4bf7be6ac2b61,0.030543234778557915
ck_5c87eea1cc07cc92,0.03449162325193728
ck_5f445182829ef342,0.013074181080698938
ck_a5d7311291caaa54,0.004039573640711089
ck_b7df99aecef385e6,0.028140394570114757
ck_3327a0582407068b,0.013001546320440418
ck_08dba09fd7dab896,0.026211012452184344
ck_f4ec334be5266378,0.009765582316048769
ck_240f7f894c5a86e7,0.0026371347456395178
ck_a9d994554fc14a02,0.0008505355348261112
ck_13648cbd306eee6d,0.009261501881100025
ck_601edf9105b3c321,0.9871294461304807
ck_9527adac182abe57,0.5378337042809258
ck_4e0e80f5cc271bf7,0.0024674510785036323
ck_96a89e720176b389,0.06493213437307835
ck_63560eec94b76d2f,0.01735695547138627
ck_c9c99e5b19aeced8,0.001463759757846341
ck_bc32655ee5ed643e,0.011025427388577614
ck_edccb5a93b741744,0.004353075675246433
ck_f786cbc987b70930,0.0038585497886684935
ck_0e8f26536ccc8947,0.023058516753341494
ck_b87ef4b98cfcec4c,0.018700458110178113
ck_1a9235812de4b2c1,0.01070314157187428
ck_d1ed88ea4211ba4d,0.0010773636006801684
ck_a4ddac49657a4450,0.005922006989464619
ck_d9ffca35188e49d8,0.018198284344425466
ck_3db73bbe03c3d240,0.002309202387674373
ck_fffa0622344a36ab,0.0029061720494513625
ck_148c28df51bba5e9,0.9268195557355823
ck_076cbc25c8f15fc3,0.9017881146573263
ck_e5ca550b39ed45bf,0.1610211413819584
ck_8dacf3a2061ca17d,0.018527108903942026
ck_2d7394afd61643d0,0.006433432961751092
ck_e42206e91f6a1752,0.0026103117127273304
ck_2f4f94827984c426,0.0017828202671691534
ck_edfe8e90e8f4366e,0.00371608002371827
ck_646b15f753e5e9c6,0.01719316307598652
ck_66600620149c8799,0.003839998557693383
ck_4ff6fc70bccfba96,0.8559702262925959
ck_41af3729590c2484,0.00750674663079401
ck_920a48ba8c583e96,0.010975179522174338
ck_0253b3e7be021306,0.002144911204979744
ck_2ae6949246ea2648,0.014924646607837502
ck_db23a5100f338d72,0.00419109078641311
ck_fcb2a559474c3493,0.00938367869840184
ck_0a4d7acd2a53cbbd,0.003610940831677653
ck_c5d62b2b7a6f3bac,0.9290159265973323
ck_cf59f4fc0ea690b2,0.004257744532537856
ck_837be8126bb19250,0.0020149563777987264
ck_58955542edee1adc,0.0039594203601394425
ck_1b93381d8eea58d1,0.006199028614681913
ck_97b8e05d62abdc14,0.014110104718568921
ck_71a0d645744302a3,0.004983021457465982
ck_a7b57882ab66b111,0.0031091311389121485
ck_65f76421be648549,0.013527062645144992
ck_b53ea8713d32ca7c,0.005345899626512651
ck_991c4c924a1d85ff,0.4594781781737137
ck_8432ccec1a4ec7fd,0.9794538282505683
ck_64c1633297f43788,0.004678728381910509
ck_4291fd9c1161d8e1,0.03609707422940565
ck_5e98ed6391d9f429,0.02750151092140097
ck_c7baebe4549fdbb4,0.025905871412203203
ck_6e67225ba59fa5ae,0.04114275684347798
ck_719602def4d35fe0,0.02927861490757852
ck_bdee7c86f5ebe81f,0.04511749167949737
ck_8de38f8c7f91961f,0.0427457424869779
ck_b0b5bf9254700402,0.003092086078873094
ck_7b55d9bb1a250d4f,0.01762750076307019
ck_3954b7b0fd1d6614,0.0017276859044070174
ck_f29471fe7c818d6a,0.006318961913966612
ck_9e65a8a2f587691a,0.003355555523149286
ck_eaec5f1a83b66eb0,0.16994531173891986
ck_004fe0daecbe2c1a,0.005422591175485792
ck_d17653a4a2d4a79e,0.035765626018140054
ck_0dd417fcbf19e424,0.01880026830398573
ck_4c99a6eadea143e2,0.0468121158011713
ck_74d602c907ee9119,0.00225931902271191
ck_1aa87cb62acc0ac6,0.007970147440052883
ck_094974d75e29fb2f,0.021979488994236334
ck_5ef935ac3d4d3332,0.02103903496695734
ck_b26e4ae47c9107ed,0.30944082133675654
ck_396cea6f95186ad2,0.021811629958311617
ck_48446a9e8184c7d4,0.001759809190511956
ck_31e1ede23247d56b,0.027230492821082367
ck_7afefa349b960a3e,0.00999811887219003
ck_f5e02a3432571b20,0.07410825466989227
ck_64eefec062592c43,0.0056870068332593796
ck_a1201284122c141f,0.015683026903089776
ck_1b34c420a4c85a95,0.013744100832606663
ck_d637a011332ba67a,0.0043530177389102965
ck_99c0004d8b7079f8,0.006368007059044986
ck_948517bad569b40f,0.03402183696797482
ck_a28d6b1601b472a6,0.047414270828359764
ck_a0b4209feb31f5c0,0.9926557745839499
ck_d6d2c1f6dfc455b6,0.19740850175706628
ck_3f9e6d356d3dd3cf,0.005370766942010751
ck_d08e00c842b75176,0.05159798702833675
ck_bfdd232a7c5f2660,0.039713411948041684
ck_2cdad03ed069438c,0.015352990403149941
ck_42317c3eabd0a285,0.7900747729726931
ck_3eb73e56751c704d,0.0198248745126505
ck_ef33c04f4c9e3758,0.018388169209165965
ck_1dc23dc870f1773d,0.00842570698532819
ck_76091f357974a152,0.00992156542061882
ck_4d9eb75e8eee90fd,0.04260656139938579
ck_578f67e69e5d2cfd,0.0022979523162517434
ck_3a8ce1cc724229b8,0.0012355583659230444
ck_a96887f841e80fc1,0.09830891964013642
ck_d2d4a8f4a9f2c33f,0.004274531153988084
ck_11f85bc705dbe036,0.020804367151654637
ck_7429b3f87528e335,0.0076792090446334196
ck_26df74feac7ec51d,0.005879644856606648
ck_c78b2638fadd91ab,0.00980298272761253
ck_7eaad325abe3b50c,0.0018700482973353259
ck_fd44e34af620e606,0.025527617470661432
ck_f99738dff854e25f,0.0018664732216208638
ck_1ffbce3a239bb264,0.004655303248585558
ck_96c7d52ba0a766ef,0.04170497198513884
ck_cb1c00c300af3f9e,0.0016859450572090655
ck_ec3d12848ced99f2,0.010170615981400288
ck_26cfd7c3c6c7bf69,0.005685464389325523
ck_7ae86b5a885affc3,0.06419581109569311
ck_3edaa94d28cd48ea,0.00721691662437898
ck_3209c530c9812e39,0.003356031928891988
ck_ea62ebfc1f04b49a,0.005557533729075339
ck_5fc90b4668ea81bf,0.0123180075126447
ck_95654593cdebd141,0.0029831787392630696
ck_958c0bd61820147f,0.03581563370855123
ck_8440ef1386c07194,0.0037059075413199876
ck_8cd1b68dd74b1375,0.16457915946887644
ck_c9eb4df91ff07f2c,0.08884259564711511
ck_c29489366c01fe65,0.9785252123922261
ck_c965fd6bec0f0ecd,0.036655325591400056
ck_84c402b23766e1f2,0.026765165918882505
ck_181f3dae03b87136,0.013045696662574987
ck_022a8ae79eb28cf6,0.9078834821992032
ck_469c17407d17b706,0.013893718194312486
ck_1fcc5843f39148a9,0.0034659887523466877
ck_5debd55f361b2ddf,0.007660822290199319
ck_28cb9b03e89263f1,0.003712917599825989
ck_f067470743d3c7a2,0.06573319169687142
ck_d5d225ce41a1a762,0.02972429664664558
ck_15b4840922195ffd,0.009564659726399357
ck_6bcfa37c717f19f1,0.019282241579734474
ck_8d501a0386c66be8,0.2390981770325562
ck_1a9d6190c57ea7e2,0.42406378614508855
ck_c49832eabdac5bb7,0.0027008235338964828
ck_b4331140b2e0d4aa,0.002210185283178428
ck_5efbea1befdefe1b,0.24234798532119378
ck_72ff52c4824072ce,0.04422154614987869
ck_ec3715add8bbb6e9,0.001551915729057426
ck_9822f8ed05335741,0.007637686269014915
ck_c3d7d3d12a1981a3,0.006470814341329546
ck_a115a7919ac5875a,0.027633963228941353
ck_4dd4ed23e0b927b7,0.40991037774654654
ck_4c76efcc1ee6762d,0.0334849570859213
ck_3ad6e7bf452c9b21,0.014162534991647704
ck_dcbab304b55a42c7,0.013923699413591003
ck_24b53090faf722cf,0.012990955034594125
ck_187317383400491d,0.00551526521741708
ck_e07fd57565c94c28,0.13079397917734267
ck_740e760fdcd27835,0.0024392427375446494
ck_d3796aebda1cfed5,0.8753810462789842
ck_e541967c681cb929,0.06721701829296296
ck_431118050b834dcb,0.001594681862956196
ck_90f3655f0c8a0074,0.002348463985097409
ck_13cd943777651aac,0.040045285882966034
ck_66accecabf3901c0,0.010373357236666901
ck_937f0da2306b2eb9,0.007361751032275126
ck_105b0c93573fd5b7,0.6374475672503888
ck_00480407160e0743,0.006554383685718925
ck_e032068be7b77d15,0.048244106245453326
ck_991b7dfd69098320,0.0016781564518721804
ck_37d47cf0f34574a2,0.001842175702879203
ck_011551a596544f5d,0.0021019862082207355
ck_9acd98f4fe2d474e,0.17070430936627
ck_7c88d3d377bb61bb,0.018488895596770832
ck_e2374c7136c964fd,0.3289731454019287
ck_2fa8f2577116e9ca,0.05413802551616145
ck_d07c5b0321c685ea,0.11470720293017217
ck_bc736114a31088a7,0.009030190566418222
ck_32bb42f9bff197f8,0.003723536851880903
ck_66267bbad1f1415f,0.9817745208654051
ck_19988702ccd79201,0.013072555868732858
ck_f473a03fbcdbc4b0,0.003186636312313221
ck_e3f1d85fa5d49396,0.015904426680921076
ck_c4402ea6291df271,0.009259911047377816
ck_243bd5ca8c4ae5d0,0.005778941742710338
ck_f271e855925e8d6b,0.17128658274589664
ck_e424148c6f2223df,0.002405761306631454
ck_e4d0a9e1102a58b5,0.012882567994639386
ck_91c2a5fe69b9b1d1,0.009261052292578714
ck_5fd8924732fe403e,0.08077769777447089
ck_9a881d5433126ada,0.007469779741587553
ck_73cab88b29c7845d,0.03085509396106719
ck_5b5dea6476d4e182,0.013285855409836591
ck_ccccb17d2ca6ce94,0.030242504956975388
ck_cd1dc68e441222b1,0.852549627413051
ck_8312c49b1431a406,0.014214398799180909
ck_25fea39897f2a559,0.015220236513427523
ck_f56200205280bddf,0.02914323762101231
ck_7336611650dcc088,0.0012950576505662659
ck_590716322ff147ae,0.03157008552528269
ck_c82364d87875a1a1,0.018247956799218545
ck_fa4b60387d744fc5,0.0021787747767486633
ck_d841eba8906e9a15,0.009848598837284197
ck_d6df562a79b9d0d9,0.01587529776185549
ck_59a14d2564193101,0.0023794027702999463
ck_8530158e3d7f59e7,0.024758035921387825
ck_ac68d707006c12a8,0.018399379418692775
ck_976fac1bb3dd8c58,0.008005140930117102
ck_f854fba8f4adae3d,0.05784221454362419
ck_b98e9c3ec6e7d1e7,0.00521026509510195
ck_803c0b4cf9d4bc1d,0.023978103649066072
ck_76997a33c3ea5107,0.0020809522500581934
ck_f1a9d832b700bda1,0.9671192421162771
ck_2bd96ddb8c323d63,0.9881230871090749
ck_9e5b7acf51b1b743,0.013687546985984725
ck_09169f22194fd6aa,0.009423667220817614
ck_6d69e092f9b0848b,0.011810167656103598
ck_9f83fa5a2d3b9049,0.023631853329035613
ck_57bbb19eecb4b87c,0.0029976254764818777
ck_e0e9cfabb979f428,0.004168270369371499
ck_b1ff9edc51d42f97,0.005750298141225232
ck_4682fad271d47eb0,0.8949414016780133
ck_ab33fb754c818ae3,0.011638850803572673
ck_b456f62b80e21557,0.00103287653119221
ck_16340be3f2a7fffd,0.0019436608020621739
ck_ce66831f6611014c,0.018886530673060273
ck_4610a073bb54d1b1,0.005252995504953664
ck_fd038a7d33a9d6e5,0.0040016331507559694
ck_c8198cb4c461304f,0.027375410840660485
ck_1e7de58822000dea,0.005190646995925575
ck_b2a79dd3df560f14,0.018965397583698695
ck_74a06f347b32347f,0.010812537753419072
ck_c6fdb2972417c9bd,0.024425814353316748
ck_d7607a213b800bfb,0.02909402235650021
ck_df65967b8b40319c,0.0025661493444826787
ck_329a73dbd585ee09,0.006786286509692264
ck_74991a9e85c3b07d,0.021480621409792715
ck_bb76609b79e0bc9f,0.006433864717289538
ck_f7fc1bd0b9ab1fa4,0.0390537160081868
ck_d111c98b36bdb791,0.0048248267595314975
ck_f07e27d125497b66,0.020447486713358005
ck_093e3a7134e11d6b,0.003916760718898248
ck_862c7953bdea48b0,0.009603293604714092
ck_392cf2cdd515c34d,0.004945894811359828
ck_80eb91b0b4001084,0.07328866834395381
ck_5923f53b77193a58,0.05968578425298892
ck_8049f5fce32be185,0.34665124568460637
ck_ebc5a2c6cf88e252,0.20105043070920225
ck_9ea5872f14cce338,0.011151264068249931
ck_f7fbc95ebf584379,0.01682530724645416
ck_bafe82c870356706,0.987321717790235
ck_278b36c5932d9bff,0.002071692463588755
ck_6a892dd5d05c1649,0.007284712856319675
ck_0734fd90b2cabd43,0.009695229962712782
ck_9b552204498b6762,0.019114090437288376
ck_f6c909c205767956,0.01971129288499317
ck_32f590e87bc3d715,0.0016710060385890756
ck_66a8325f28be7562,0.0025432465008342403
ck_b129261da9c3c3c9,0.0034829667000382506
ck_a524071c51ddde20,0.015550830478260468
ck_ba576d6d4cb6130b,0.06026907763135202
ck_8d8226520722af78,0.020322083774535815
ck_c5b0f0d4f1655a20,0.027904100153392914
ck_61814ae9b6d8eab1,0.006351448454463444
ck_382ebf136f7fa337,0.21870794148996614
ck_423ff4ede6a9f066,0.007105200176368937
ck_546ad962d04b7de4,0.959433621594641
ck_9473ea4a01c95f9a,0.0846234012896403
ck_9eb1da8cd35a50ce,0.030337741574961857
ck_de5eaa2cdbcb67ff,0.03361892220022228
ck_537cc97d0398c922,0.07666993317681588
ck_998475a2e4dfad4e,0.004251450546379941
ck_e62eb708d2688fae,0.014678900380099775
ck_ea623358f704daa7,0.11079900630601316
ck_b911a09f328dfd4b,0.003419545588438512
ck_4b3506b624e5193c,0.014654929986061065
ck_448456f96788713b,0.069781938183135
ck_5d5ef9e75f65d076,0.016750520277989272
ck_3b74512f774a6e5a,0.0019565875957257943
ck_a032e8ac1507c6df,0.6637105339841234
ck_7e2d6b22a0ae20c2,0.028065315894096807
ck_d80283209c963f11,0.005430290106789194
ck_d1157eade2ac3975,0.02817412116926625
ck_be48f583f79427f7,0.01290863668515373
ck_0027b5d4107d65d8,0.03488512600784583
ck_94fff69584dd3b2a,0.011280488440673732
ck_75fcda73f0b43557,0.011795574721083689
ck_a1c78972e4ee4082,0.015423192422002189
ck_f0982bbdbd122f91,0.008583045185000512
ck_3199b471575aeb3a,0.005957292740571999
ck_7fa947a0b1c1cf74,0.02296744125494501
ck_a60c618b7f0e4252,0.013834550552090414
ck_722ac47c8ac9b6c3,0.4117147511206162
ck_d44dc3839a195c8a,0.01841837558145242
ck_a2c3e82fab520483,0.05804362598025965
ck_6f8ae0319c07cafe,0.00276246175072668
ck_49886ff1e2c759d6,0.02867633215259138
ck_150a1108f936e6b0,0.0034768589018053467
ck_e21f9f96f597695b,0.007967024697513082
ck_7297bff2b7fdcbc8,0.0028453641175010024
ck_ee949c71f4f702eb,0.8790886435082405
ck_6fc37dea4b4f35c6,0.05912014723227153
ck_e76257caa98dc25d,0.9777709945482776
ck_828eef2334e17b3a,0.015527280671208402
ck_604e1b8a8c693aa7,0.0037402219347822977
ck_7743c9fe037d1f9e,0.009574773372057591
ck_864a11202e19e812,0.11005591385366664
ck_4ec040b9e3785e4a,0.008913229288705433
ck_7346e4f820d9c00a,0.8781175656948323
ck_48d4d63beb26b623,0.005814796523780543
ck_c423aa6de3ed1e01,0.005714364559344971
ck_d74b2ead8aaa3f73,0.0228294146551716
ck_1dd69a11daa7bf1a,0.015231363282973651
ck_d9143e236eef177f,0.00912102752731054
ck_f790d91e5ff0eccd,0.40724928381422687
ck_69b5620e00ef5dec,0.0016764915882381728
ck_cd32e58e8a1c0e85,0.012194322463639919
ck_064013b0957d87a5,0.9858141774695399
ck_a481385c2e60dc4a,0.003180142351227154
ck_d72035cb29db3aa4,0.027244592757107396
ck_3759939a0205306d,0.006006759728329564
ck_f437a53fc832ec95,0.9152569870772946
ck_260ef2f3e6434819,0.02705155108857009
ck_35e411b05d22f663,0.015048920537916554
ck_8bf46e472f3e20de,0.12420893433835192
ck_d546994fc5d3e9d1,0.0053493849801753545
ck_6ff0fc7487e737e7,0.24449365988358845
ck_5c67f27816ae0b6f,0.025853815761256595
ck_c5517923458106ae,0.010484728045398151
ck_d9735647a6b0b0a7,0.6043317717215253
ck_541a734fc457246f,0.08782305226122963
ck_2f6a639468f41043,0.010762951464168228
ck_bea2cf7a6b7bb900,0.005796183218461896
ck_7eebd0e6ad6c070e,0.0046053946719492615
ck_b64c87d5e3b10e6a,0.3430110366213883
ck_9dd7daacb7833233,0.018385582425462642
ck_396e9ea9a6c6d7d9,0.00938479623905017
ck_1645e6cc53fa99ff,0.01100041891967961
ck_ea2a83ccb8d57490,0.0026039726742713735
ck_e64f0df63e1be595,0.03132362353786601
ck_fa0b234481cb57d3,0.032287705054313116
ck_63379e3c9fe6f711,0.05696620077202627
ck_c67f7944896a0310,0.04423027312813086
ck_c10e54c9db29e6ef,0.989960082210608
ck_7184ad7709ae4c80,0.03365999106826366
ck_f8b6069d7577fde6,0.004240785866417475
ck_18444be153bac1ca,0.7858243540407297
ck_d0982b4e0e118e4d,0.008095244412053216
ck_6faf3e6820398866,0.006213280532407503
ck_97e980463aca4644,0.0023451778987931115
ck_630c835243c66b19,0.9757189159152571
ck_fe429ba3e1aa0e4f,0.020301819209816774
ck_1058129ed7b48c59,0.007280160059528718
ck_04a1a46f07885296,0.016570833292216328
ck_f01e94331067edf6,0.011642421025629159
ck_77b2fb17c29f5e72,0.01331872888752991
ck_4f0c5857da45fb28,0.1287961044436981
ck_2cfb9a7775e8a5bc,0.8978499388039263
ck_6846100e43659bf3,0.002047020758880679
ck_f89719a854fe11d7,0.03093274080701197
ck_bf47375e41ca3bc0,0.003428264129468824
ck_2770b0400a7bef08,0.07651655167689436
ck_2a09d142de1c77ff,0.015230183041679187
ck_857a1f5547b9ad68,0.04263326928104521
ck_185f15b1523bbcf4,0.0023414244026085766
ck_ab2aed614ec1cdf8,0.04281463357330571
ck_a9e7f3b2d5dfd97b,0.016235934893875224
ck_0eeb3d9b3e697edb,0.015976796396039807
ck_fa5830d81bc8ddc1,0.0034720881719116766
ck_231ae0329ebc3220,0.0026515161768901315
ck_1587763dd54688c9,0.006567672699991573
ck_9f85fea4490c00cf,0.011577127478219179
ck_a2d709e7eb91e4af,0.04203621045430947
ck_43637d28c7216453,0.004646950844377
ck_f3ab5dd853d38252,0.024138622950369042
ck_4a1f0172d3bf4fd3,0.005556414362092472
ck_517620ca16505af0,0.014201740834993048
ck_9ae904fbef56065c,0.0025784095576263937
ck_d5ef1f6e34bb35b8,0.043896871117019814
ck_ff42557857ae3aeb,0.0038132702100329647
ck_ad9a18f58589faa7,0.001770404564161505
ck_df1a6edaa3e6b271,0.006782657550438931
ck_99021fe7225b5a68,0.020526772908308902
ck_99e52c3c2530b69e,0.9845198744076399
ck_3a4811dc4a1a891d,0.0032589284392151602
ck_ba3a6be026c87079,0.006807566988053617
ck_da6d1e5cf6aba6fd,0.005177128833726888
ck_ddc7c1f3d45fe6e6,0.01837482042314585
ck_e1b1e7a7e4a15b3e,0.006671262791528562
ck_8288f7f226e08b89,0.01253549147523502
ck_c4524993ec31dbe5,0.005381337502582389
ck_8b19bb5b23b6741c,0.00994721531324978
ck_d21b38231a8a9f4a,0.04718195406058187
ck_3f730318a9792292,0.01370613946150186
ck_a4db6e94a8f77f9d,0.07543223493028357
ck_a8cac8d480306839,0.004667255088149423
ck_5472214011fbc2a7,0.00693866679268187
ck_7356f47dbbbe7904,0.0023712710407133974
ck_16801e628e883d78,0.004240308515082537
ck_0dc1e536231c4860,0.013834478676368849
ck_7cd0634a6e60af83,0.004301454655159384
ck_ef6f8e048ae1bd4b,0.011600697705159185
ck_82f3f744209888ac,0.025765674760199028
ck_f33188c232a03526,0.25380086858954426
ck_4a59f4e10bf45d7f,0.0018605763974712068
ck_d96c893721385e4e,0.002564276408082373
ck_f65ab819373edb37,0.019234632011720904
ck_21cac21fc10b7768,0.0061133301205436525
ck_139b54e6ccbdd7da,0.09813598031062137
ck_d6f5c8741697abb3,0.03145423260270942
ck_a28d9bb5590d458f,0.1510692229091181
ck_ed26d906883bea0a,0.019428197884250705
ck_227602ad072b838b,0.0016721369918231282
ck_39d5f6c17c745ab1,0.0026829219406485855
ck_744eade757ba69b5,0.06176619477101866
ck_c1295d97cdf35ec2,0.007903507844842766
ck_69105f881da3c821,0.05615300078222345
ck_933789b55361d7c1,0.864464276447086
ck_b667952253503174,0.0068876037671371316
ck_7bf668e25abeeb05,0.008967439843477022
ck_91742711dfdffd56,0.021728488751158126
ck_af32a0660090dd68,0.011188449829774303
ck_2122f201e65f76ee,0.00905503630065621
ck_f48acb73a5d6af07,0.011789043727826234
ck_337c5684510cf432,0.010009455582471053
ck_f7bde7265053364d,0.03035503318203574
ck_c190c7b924edba75,0.015754374049498334
ck_044fa3b3a003f0b5,0.009104635716688106
ck_87eb43e3b9d96169,0.06578347167825913
ck_2d3d6c9364362017,0.0027685182765189395
ck_ac55dc6cbcdf8228,0.007722049516647931
ck_61d7b0568ec5d6cf,0.019802119033059708
ck_89c74feeaffa7d09,0.0023828408981246513
ck_93776b0c113f41f0,0.02439799830265766
ck_15e0b679931f7a8d,0.0045597259249420125
ck_77b56c49cfdb1d81,0.21057831167967284
ck_73188a826b5f499f,0.0036212062462461707
ck_4f463ef25325ddfa,0.4079175870847883
ck_863db2e394dc47d1,0.9678370117583962
ck_d52432ed597f3cc9,0.002493830890599603
ck_04fb61e5739642f8,0.07293343936509634
ck_2e481d75d110c06d,0.0928844110819583
ck_3fa1a523d77cd619,0.03487959236937834
ck_466dc6274fecd708,0.025534937779330687
ck_e1790b3aa2241b10,0.7037689563349848
ck_84ad096a46e1a960,0.020189598734001307
ck_3be72c9c178fa00d,0.018206913415920435
ck_5a17c89219d1d9fe,0.014694951363757725
ck_4f639f4ee6ce8d9e,0.07960413513141164
ck_f4ec4a935e51b4db,0.029175188286987994
ck_f04040a830f92bac,0.02059495633751502
ck_3e4d02a04be2aaf8,0.03717788483422967
ck_4d1baef193cfb900,0.058069016769517895
ck_0fb3153d37626b75,0.001730440013865096
ck_88ec57a11b11f702,0.7404645687855977
ck_dca9dc465f759db4,0.0025268877158712245
ck_64f5fba6af67e024,0.028118432866562286
ck_896096cb167254ef,0.012878757650439816
ck_7878679065876b98,0.03539987374003202
ck_fe8e5a6c880ceb4e,0.013106522606873961
ck_a5e036327d3d1862,0.0015483085840693042
ck_310f73940fc4cf4f,0.030963731266143785
ck_46a8db16ad00b749,0.010591229305592859
ck_0d33977c3de8cfaf,0.9855985025951093
ck_c6fff412f531db0f,0.0013285504672536767
ck_bac6dadf428eaea9,0.01467194487198386
ck_1b96d9af0d7da2d5,0.007153934043245488
ck_fa8a4a9e77799fcc,0.0034158967002274362
ck_0bf48607a874b4d1,0.0036336038609578753
ck_eeb75f8a6439f65e,0.014308159665437518
ck_a209a5f7d172125e,0.007717887039550168
ck_8f346b72fb40bf14,0.01633325355969164
ck_bccbf9fef367f00f,0.026005425735340162
ck_2d1548f1ee405cc9,0.012989759050114326
ck_e8298ff2dc1e9d50,0.0050715528756783475
ck_77c0fb524edb4a94,0.006850631403993295
ck_28ac4c5134cb8e77,0.009946123309165776
ck_db23a0e3e54be60c,0.6961281721121514
ck_a059d00cee5cee99,0.0051507247536840455
ck_3e9e3bba8bd363af,0.0023115853682484726
ck_0428728df24cdab4,0.009621846733452668
ck_88cd35378075c84f,0.0014644567147900787
ck_0174d76398d9dc0f,0.0066954704030763226
ck_3f1287e6c27de0dc,0.013057119118508612
ck_ff822700f3605e06,0.9959137223844697
ck_4563227b2038ae07,0.12401771203909362
ck_788e78065526ee19,0.025246443486736207
ck_8a16eb584093b12f,0.0016938729868570426
ck_cc276f71ab6c08fd,0.04594647504363239
ck_d61d97b21002f3e9,0.06505981071225288
ck_4b2e87d86a5e415c,0.033595720076792665
ck_3e6f35e4500d2f2a,0.00186899097123928
ck_3acdb083e0d8ad61,0.0057868389403405865
ck_cd655202db489010,0.004816825840417019
ck_829cbf5ccda481ae,0.00798519841095134
ck_f5882e6f98b8b4cd,0.0074120549864410265
ck_767947540b234add,0.005147229684761088
ck_a6e8e8f535b1f1d1,0.037782006443859914
ck_58412a2674fea506,0.017118695512049434
ck_fae7e518a585fa61,0.01945100709244392
ck_9c60ae6958d68dbd,0.15290161038853597
ck_328696b8f5e54ec6,0.03564219323464988
ck_7df3f8f4f1068d62,0.0072860206721442914
ck_cfadd21458230ef7,0.014773702387486536
ck_7048bedd554c703b,0.0016598187057415706
ck_50422466f145bfd7,0.00264751762984119
ck_61e1f7168cd9ff25,0.029183748104908088
ck_733aff0f56f5b3c9,0.09930080961389565
ck_e14892e424180549,0.0028563651109575704
ck_03f6664a96de7d0f,0.01457007845860812
ck_b7f4baa2cc82fe61,0.007565583028827927
ck_1e51199a075ca0fa,0.004290040264041128
ck_0e70516fa07cfb17,0.7327740166420775
ck_0f37c554a5057801,0.6147695788452043
ck_5576b725de38d106,0.020610244977350534
ck_82f360df1e9f4eb8,0.05140575584235149
ck_395f3bd4aacd7ca6,0.005767437375859004
ck_5e8e857b63966609,0.03179784023290701
ck_93470896f0804b6b,0.9447561934732482
ck_3be854e42e76569a,0.01109799666116704
ck_0567302c57a2417e,0.028838972438352692
ck_ee535461b5f05539,0.14013625698344556
ck_94a096c36162a153,0.005955898478470372
ck_dfc8f5c141fd7c63,0.023226315853872075
ck_98b34f2d704c1c2a,0.015901768417462353
ck_96dff7a09d45f116,0.053801139159133884
ck_79557434c129ba52,0.004000505919759476
ck_4596624a7c01d501,0.009038160287447942
ck_04e89fbd739243fa,0.0013916522778940775
ck_6149ffaf18872dc8,0.002369995764705013
ck_cd78f0832a09bd8f,0.6391810802928232
ck_7e29c10d781c3b41,0.019696521605545962
ck_1f7ee7b23fc6f2f4,0.004759950713173879
ck_c49b685d2b3ab89a,0.012992850773037736
ck_84569a8fc50e73ac,0.008246893639299771
ck_b92b11d205af91eb,0.0017620528676059117
ck_06280e6d6d2485b0,0.004931634152995904
ck_3c08546dd0c92863,0.012576145362158229
ck_99d3983f907828bf,0.0029863626518332872
ck_eccfd552aa652d3c,0.01860824766223035
ck_0cff8153881875ba,0.018846399845324074
ck_c1aebbeca6ab5ff9,0.004207143484425564
ck_538fdbbb3c2bcbbb,0.04594889984485588
ck_8c0210322733c718,0.0057597820788058895
ck_0b0c93039f987abc,0.012679092995997787
ck_6d07d6d1bd227d37,0.10769132326791465
ck_9b6ee35e8cd0b11c,0.0018985214577554124
ck_d838491d3d4f5ecf,0.0026560673555740787
ck_0593ae243a9ebee9,0.010676951669811776
ck_ef261fc09be8eb0b,0.0051054243939926735
ck_d0935b571a4a3868,0.014754227183804173
ck_97d04a67a104af39,0.0412070326693378
ck_e25f70d0b7229420,0.0148205757064647
ck_9b71274ff83de482,0.9842289649199523
ck_6de2aa2bb60978d3,0.008839792766562347
ck_eda55c8fb47593d7,0.005569806838213473
ck_924e572517515f19,0.30004220590919395
ck_d6f27eacbad310f4,0.009583387414859104
ck_8550f229b5eb03ab,0.004356919482250635
ck_e3e95546a84d0ed8,0.01212856107377777
ck_3135c019696ee6af,0.9832592236964068
ck_41ba315d8fccb559,0.01713599977425289
ck_72b86e4485da2d0f,0.9712431009618767
ck_daaa995f3c2f0e47,0.01893984300793081
ck_053746067839696b,0.021104215710226158
ck_a15fe7d0f4b65c33,0.3655104965835927
ck_15de11438732bb05,0.006725688321365077
ck_2c4d25acbe3fabd9,0.009604679418654803
ck_7f08078908599bd2,0.01810059530055054
ck_e794741742fb2619,0.010553784390547731
ck_238e53b6dee8c301,0.001379287283808486
ck_53a6a33060d5c8b8,0.004096318935177238
ck_0e0919292ad33472,0.7614940423594452
ck_d86ccf148c06c8c8,0.03605654623021174
ck_c881f26c9bf9ae42,0.5712873181915893
ck_4b0947bf94e9d847,0.016750514472374616
ck_e10ff5c38bd18470,0.0053602816794316565
ck_b60de9e97aad9e45,0.7442427061487107
ck_190bc849e5ff5401,0.03179608513001341
ck_e7be077aa0b2632c,0.002392224363857715
ck_a51abde881ebeff3,0.014480387183103703
ck_2208392a9f6bd249,0.03028484561724184
ck_0259da8f109017e9,0.0031928509790132014
ck_05e01ab9c95449da,0.007676898824313355
ck_c82897ebffb6ae66,0.009664451760970397
ck_b4a6bb4689cd7cfa,0.0168290987779072
ck_9e21ea33018ce538,0.022737580853870072
ck_caa348f0e65db062,0.8598696846491201
ck_a964e6b5d8415334,0.48314538378144045
ck_510bfbbee37ff436,0.01281259486217027
ck_9741a82faf5c7889,0.024921349218563742
ck_e7f61b4a39ba98ac,0.0017415188680635775
ck_069d158665a53909,0.006278240245778575
ck_6426427efe3228af,0.01170306825383515
ck_ab4a8d02ec3c0fd7,0.001583892435807142
ck_aefa0d8d933e0eca,0.017464196798893286
ck_232325ef6bce92f1,0.008062980689673226
ck_14e58c3fb26a2b4d,0.015849451383595517
ck_06e73afdec26aecc,0.18331664434640532
ck_3168f4f2778d64e1,0.013838088339423751
ck_ff3998d6858daa21,0.0017307970512182122
ck_bccff46fb0868454,0.06574655659151157
ck_c7d444d90fa86d7c,0.5024950747865052
ck_f0bc3bdee6bfbb94,0.017802059195342244
ck_f7112818a6d81422,0.009299850405630087
ck_aca35dbcb835ad02,0.013007570580197692
ck_f637fabf0f60528f,0.005184412041682238
ck_53d17ab97de1ac3e,0.005995915938539861
ck_c8c1bf16d9113493,0.037593222450574726
ck_e842fb0cf055a83b,0.05103691516399848
ck_93c0cb3dac4891fe,0.012604435749647029
ck_0c1f088e17e46daf,0.025673413722156237
ck_8f4b384955bf57c9,0.004698455662073253
ck_09cd5c4df1e81ac2,0.13463641429719816
ck_1e832a5b2342554f,0.08300150976003384
ck_2cb763a881aee27f,0.002489668343884207
ck_5875828b11406398,0.022103496980355606
ck_48e84b0cb0b90fa7,0.023073569989265436
ck_833688de8629c5c0,0.002933077335219982
ck_117d78ccd5820f36,0.008494824162546778
ck_668ec61c4c39cae3,0.002280304459662947
ck_73a7794b659d7a34,0.007055007843600817
ck_10f90d879209734f,0.015104911707252765
ck_d1d079913aa158bf,0.007642346965910163
ck_01c631b38e8a9535,0.006603315204924855
ck_f6923088c17a04e2,0.060427929596969784
ck_b447badc9138987d,0.001679749537835137
ck_8b772caed8f1541c,0.0050365335811179855
ck_5403c76fe68a08ba,0.6277010747416265
ck_3e6833574edf1736,0.04501844598346075
ck_e527fbb9450a4581,0.811414090656138
ck_cc90e219f1ebf390,0.004825326529916209
